type,name,module,path,hash
"yaml","manifest","_config","_config/manifest.yaml","e4c449291dbf920a5df2187de45240fdd034c23040e7a2d68d375994985d7f45"
"csv","module-help","bmm","bmm/module-help.csv","c3c1033c8fffef924bb71342e22a0a2a8243911a0b856e2aa7804d8bb49feb5a"
"html","validation-report-template","bmm","bmm/plan/bmad-prd/assets/validation-report-template.html","a80becdd8205d2d7c18738855830b096172a496b96b5ca8a0820ec55c9bb8bf9"
"html","validation-report-template","bmm","bmm/plan/bmad-ux/assets/validation-report-template.html","8656945636fabe96624f8ef8fce931b073b5aecbe42d490584c1d5c7f31e1353"
"json","bmad-manifest","bmm","bmm/plan/bmad-prfaq/bmad-manifest.json","b67b016cd68535a97bd9164c237fbfe19a5b26bc1a3f0afe203fecfa40aab6ff"
"md","acceptance-verdict","bmm","bmm/ship/bmad-retrospective/references/acceptance-verdict.md","09a65007c39af83e01e039331c252e6e670b134cd5e2a4b5e05ac9d9fb7e37f1"
"md","aggregate-views","bmm","bmm/ship/bmad-retrospective/references/aggregate-views.md","5b278afce4a53692d8715b4af178e4233da0876921dc3154b5763d056cb5ff0b"
"md","artifact-analyzer","bmm","bmm/plan/bmad-prfaq/agents/artifact-analyzer.md","7bdc44830f8d593346ec0ee15e36e1e431432fcc6c38b70bb861999315c9cfa4"
"md","best-practices","bmm","bmm/plan/bmad-project-context/references/best-practices.md","850c45d2e1de44b1cd8e3b06b8175df53aac8983326d73351eab547bfacc532b"
"md","brief-template","bmm","bmm/plan/bmad-product-brief/assets/brief-template.md","bb28edf75d023067551c8d417b19b8803324e7acfb2ad0c80f882e9134f4c1f1"
"md","checklist","bmm","bmm/ship/bmad-correct-course/checklist.md","3e082b95def90ccb876e3101ce0bbaf797a0f03a9471e1347361897f27977327"
"md","checklist","bmm","bmm/ship/bmad-qa-generate-e2e-tests/checklist.md","b58f810aeb1040c2f6758c88aa133afce72f8cc178d3d97ff0fbaa3d943057dc"
"md","checklist","bmm","bmm/v6-shims/bmad-create-story/checklist.md","b94e28e774c3be0288f04ea163424bece4ddead5cd3f3680d1603ed07383323a"
"md","checklist","bmm","bmm/v6-shims/bmad-dev-story/checklist.md","630b68c6824a8785003a65553c1f335222b17be93b1bd80524c23b38bde1d8af"
"md","claims-check","bmm","bmm/ship/bmad-build/references/claims-check.md","50ea17cb89a78ef815286dde2dabfd09f1dc9841d07a10857f88b39ab7b9bd2a"
"md","claims-check","bmm","bmm/ship/bmad-build-auto/references/claims-check.md","50ea17cb89a78ef815286dde2dabfd09f1dc9841d07a10857f88b39ab7b9bd2a"
"md","claims-check","bmm","bmm/ship/bmad-code-review/references/claims-check.md","7be5d35dd90a1950addc2062acdf8669026b239117efe1e398da1e8161cfa6f9"
"md","color-themes","bmm","bmm/plan/bmad-ux/assets/color-themes.md","ccb6e4ef47a196476cf9392d788938ad3ca8d07b9ce095b7c092dcb4e06735f0"
"md","compile-epic-context","bmm","bmm/ship/bmad-build/compile-epic-context.md","6793b15ae85766cee529e6b349e45f2c6ec9e3212019611c29e8c77b4dc4b924"
"md","compile-epic-context","bmm","bmm/ship/bmad-build-auto/compile-epic-context.md","64d13b41974cfa0dfc1de64b6fbd8365e9b99f91c7c98f0ee1a9fbd018f324ca"
"md","creative-tools","bmm","bmm/plan/bmad-ux/references/creative-tools.md","e281292d7c0fdecdbb67ca9b7d95d4bed803626ba5edfd8dcc99146fcaa118e6"
"md","customer-faq","bmm","bmm/plan/bmad-prfaq/references/customer-faq.md","96f8565197649c58908a1d61b6cd805fd01f57da7945ba889c18d087ad597aeb"
"md","deletion-check","bmm","bmm/ship/bmad-build/references/deletion-check.md","0f1f124e4e957147e89164a272b10bedc694ad0d9ad2618c8610ac74ee9cb0da"
"md","deletion-check","bmm","bmm/ship/bmad-build-auto/references/deletion-check.md","0f1f124e4e957147e89164a272b10bedc694ad0d9ad2618c8610ac74ee9cb0da"
"md","deletion-check","bmm","bmm/ship/bmad-code-review/references/deletion-check.md","0f1f124e4e957147e89164a272b10bedc694ad0d9ad2618c8610ac74ee9cb0da"
"md","design-directions","bmm","bmm/plan/bmad-ux/assets/design-directions.md","eab73b948da76a27abc908e1e7d6b124e8ff0362e6dd1990f7e60b9541cbcb98"
"md","design-example-editorial","bmm","bmm/plan/bmad-ux/assets/design-example-editorial.md","a659166845b1a4ed3f9aef942c5935537a97382b10303684fbb78ed86265870e"
"md","design-example-mobile","bmm","bmm/plan/bmad-ux/assets/design-example-mobile.md","a93fb9f114f2e83af0c961c0d7909b3859fc80bcd713715517cd639a53a0372a"
"md","design-example-shadcn","bmm","bmm/plan/bmad-ux/assets/design-example-shadcn.md","25e0dfb2bb21483973a8f0a6ed650288b3dc2ae5ed02aa0f091bb9b6b0b39fc0"
"md","design-md-spec","bmm","bmm/plan/bmad-ux/references/design-md-spec.md","d04d5f663607aba3f3181e818ae33856e6caf5e560dcb16fa64ed80b7cf3d590"
"md","discover-inputs","bmm","bmm/v6-shims/bmad-create-story/discover-inputs.md","dfedba6a8ea05c9a91c6d202c4b29ee3ea793d8ef77575034787ae0fef280507"
"md","edge-case-hunter","bmm","bmm/ship/bmad-build/review-prompts/edge-case-hunter.md","8fc046af1cbf4ecc928207cec75e29c3c260adb86cc7da77537ade3b3a3b9448"
"md","edge-case-hunter","bmm","bmm/ship/bmad-build-auto/review-prompts/edge-case-hunter.md","8fc046af1cbf4ecc928207cec75e29c3c260adb86cc7da77537ade3b3a3b9448"
"md","edge-case-hunter","bmm","bmm/ship/bmad-code-review/review-prompts/edge-case-hunter.md","5f4572d57340b4c0d155f33454d644a44af101cd7fd02a01591be68a4ebb8b7f"
"md","epics-template","bmm","bmm/plan/bmad-create-epics-and-stories/templates/epics-template.md","a804f740155156d89661fa04e7a4264a8f712c4dc227c44fd8ae804a9b0f6b72"
"md","evidence-gathering","bmm","bmm/ship/bmad-retrospective/references/evidence-gathering.md","575bace78d7c03c48d86a209dd664f7dd22295a222b75e6d6298894cb7b7ce00"
"md","excalidraw-wireframe","bmm","bmm/plan/bmad-ux/assets/excalidraw-wireframe.md","660bbcdebff50cd044a3752eda43f3cb303aca4b0f521b55a270da93b89ddb18"
"md","experience-example-mobile","bmm","bmm/plan/bmad-ux/assets/experience-example-mobile.md","f8cd54c92193cd8c34a472df9c212ac7330976f6a115b729721dcb60034dc4f0"
"md","experience-example-shadcn","bmm","bmm/plan/bmad-ux/assets/experience-example-shadcn.md","d6ca16e87b768e8b41f352c02ee08af21d7cdac04ca21e6ae1556864b4d27590"
"md","fix-sprint-status","bmm","bmm/plan/bmad-sprint-planning/references/fix-sprint-status.md","0406c31b70da33e2a354d9785f43d8f9918f4b923d0aac2ebd1e3707ebad5806"
"md","generate-tracking","bmm","bmm/plan/bmad-sprint-planning/references/generate-tracking.md","4dbf7aca26d0e6e893f288fc5e6158dbbcd65f77bbaf95e941ca705abceb1741"
"md","generate-trail","bmm","bmm/ship/bmad-walkthrough/generate-trail.md","4a5936d86fbe5a85285b4535097b1e2edda8849da35586f4b588a982d7224459"
"md","headless","bmm","bmm/plan/bmad-architecture/references/headless.md","4db2708f335c94cb024b5eba022b1e3d88b1ec61c94c4716626d9b89684f5833"
"md","headless","bmm","bmm/plan/bmad-prd/references/headless.md","4dad58ebee63933a53179016513ff94d143ce9f68e226489d390e2c36bf1d848"
"md","headless","bmm","bmm/plan/bmad-ux/references/headless.md","8da7e23d269b1644f45b5104a243a6a27fd8d075aebb95d9b7752f0d143f0f5d"
"md","headless-schemas","bmm","bmm/plan/bmad-prd/assets/headless-schemas.md","8d3621333a72400512bd62511bc4c73fc745711505e1f852c697ff8c5fa2de93"
"md","headless-schemas","bmm","bmm/plan/bmad-spec/assets/headless-schemas.md","83afb3614716db2347d83586a67b9c524492dd50db5282436ccb35c99fb5f08a"
"md","headless-schemas","bmm","bmm/plan/bmad-ux/assets/headless-schemas.md","e3a773dde85286f1a6f6dd8b26fc17e09ccea96f6257dfe7fb436353cd79242d"
"md","internal-faq","bmm","bmm/plan/bmad-prfaq/references/internal-faq.md","26eb83f844cda1ed8efb50f4703d61713ada8a64bd27eb387f759f858b5748de"
"md","key-screens","bmm","bmm/plan/bmad-ux/assets/key-screens.md","ff1c5060673dd595edd61e76806bae876264ec6895c2eaadf8a6190785bf5f7b"
"md","prd-template","bmm","bmm/plan/bmad-prd/assets/prd-template.md","b6fe8fc1390b8e46961d5eb5e6f2fe6c65dca2f30623d492677672e02868f7ab"
"md","prd-validation-checklist","bmm","bmm/plan/bmad-prd/assets/prd-validation-checklist.md","41d9f09064772a92ec908d970618e47ba63dc86b5c5a1a21d5a2c676d3ba8e3f"
"md","press-release","bmm","bmm/plan/bmad-prfaq/references/press-release.md","c406adb0e2d2cc326cbc45d0174f89d014523448ad82bc272293999d22aec596"
"md","prfaq-template","bmm","bmm/plan/bmad-prfaq/assets/prfaq-template.md","b27e6964f0437ab4e78c8c0ffbe5052c28e3b3ef2fc811726cbb394d5a5c7559"
"md","readiness-gate","bmm","bmm/plan/bmad-sprint-planning/references/readiness-gate.md","7d58ea61fafe3c1d8218203abc7512e322ca384c78d9e71829df55dfabe1245b"
"md","README","bmm","bmm/v6-shims/README.md","5495469425b50bca1cd74899c6ebfe840f137cf2a68d008bc993aa2574bd9972"
"md","retro-document","bmm","bmm/ship/bmad-retrospective/references/retro-document.md","de8164664cd2be7f73b8ba5552e9e0f58816d2a7c4be8efc7715461846bb7001"
"md","reviewer-gate","bmm","bmm/plan/bmad-architecture/references/reviewer-gate.md","d32e32a3c1d59b5612b947004f3f6fef1117a13ce9f1ffa428d616e0b5d4db69"
"md","SKILL","bmm","bmm/agents/bmad-agent-analyst/SKILL.md","8b7c9d72968614a846ca3607e4b9eb4b124d36eb6dac86150e35eeb4bcd7d913"
"md","SKILL","bmm","bmm/agents/bmad-agent-architect/SKILL.md","dcedd59cea2aa2d9dac0efda0d62824f624dbd80164280306ef830fcc7822f16"
"md","SKILL","bmm","bmm/agents/bmad-agent-dev/SKILL.md","0bc44690f0dc7fdeaabd763efd3ead4b2e8bb8b3a8d5437140605a544b39bb1f"
"md","SKILL","bmm","bmm/agents/bmad-agent-pm/SKILL.md","e38fe9aa923f3e4c885aad87d32d34afa6f1a5952ff9697a656f85378f9e9a04"
"md","SKILL","bmm","bmm/agents/bmad-agent-ux-designer/SKILL.md","8fb7ee707fe0e9795608e54ab5bf93af46183134fb2f38d5b964b8a98fa85c1e"
"md","SKILL","bmm","bmm/plan/bmad-architecture/SKILL.md","4a256afa9c725e0bf5b55961d21774f1eb00011dbe31509e280a955bdb1a5c09"
"md","SKILL","bmm","bmm/plan/bmad-create-epics-and-stories/SKILL.md","df61e2df22e0645f44a60c15320f2b93fbabf4a62fbb4a2eac399b7e7a081127"
"md","SKILL","bmm","bmm/plan/bmad-generate-project-context/SKILL.md","bcc8914803f1f051387e1a3f84ac9f7c25814703e776f2cab65233cbc362d0dd"
"md","SKILL","bmm","bmm/plan/bmad-prd/SKILL.md","1e0436d7863406e9f4ed6d1b9d97d2c3304dbcdf8dc4c5b1e76b560d0663bbb9"
"md","SKILL","bmm","bmm/plan/bmad-prfaq/SKILL.md","5c699e0f9eb5b40d29403c87077a820a5a36d91bd730f88998daf21c48b77891"
"md","SKILL","bmm","bmm/plan/bmad-product-brief/SKILL.md","ab64cab428cd5014dcade28df615ac75ac10cc501eab0410567f1f9a3dd15e1a"
"md","SKILL","bmm","bmm/plan/bmad-project-context/SKILL.md","50b0ee0f4905273dd7f8a57a4e79b2ff47eabb074b6f4bce8242b950b37dfb63"
"md","SKILL","bmm","bmm/plan/bmad-spec/SKILL.md","46a2c3d5541d63af1520fac6b7abfff161a94b52fed51df6454115e3da5639c7"
"md","SKILL","bmm","bmm/plan/bmad-sprint-planning/SKILL.md","dad69f365f08e4043f07c1b10c1d387aedf544696be9f5ee06be885eb2263f07"
"md","SKILL","bmm","bmm/plan/bmad-ux/SKILL.md","9bbdf3c884d5ccaaafc1bf740ce412b0c220239880625c49e8856cfacee01ffe"
"md","SKILL","bmm","bmm/ship/bmad-build/SKILL.md","1cdf5406965ba24236d2375739d839699eb56b619834490539d1bd3d5111f890"
"md","SKILL","bmm","bmm/ship/bmad-build-auto/SKILL.md","ea798a5f7df3b11eb73555a54fc0516c70d8f98739bd7857d968297b26f6ef94"
"md","SKILL","bmm","bmm/ship/bmad-code-review/SKILL.md","c6aad905fb70b76f88db76550f0de3b9170ea99099c0b592c6c3609bf3c05218"
"md","SKILL","bmm","bmm/ship/bmad-correct-course/SKILL.md","d04921fc889c501ca3d6cb8abd087dcd0884fb4b21b4d386b896a058526c4cbf"
"md","SKILL","bmm","bmm/ship/bmad-qa-generate-e2e-tests/SKILL.md","23e70e3c69ef91d73a61109fbc2abe41241756ed61ac28b5e6da7dcfd5b52eb5"
"md","SKILL","bmm","bmm/ship/bmad-retrospective/SKILL.md","dc43ce39da086330fd645cf2ae560d5be941761a6f35478e3e9278c7b721a08f"
"md","SKILL","bmm","bmm/ship/bmad-walkthrough/SKILL.md","19aeb0a2451aae83a2a8fe3a314e383332c4e2108d6cedfa38f79e7b9b9ef80e"
"md","SKILL","bmm","bmm/v6-shims/bmad-checkpoint-preview/SKILL.md","62aae3adfe26ee2d864f9e34c12e3f7c62950d889a6b5e6416a0bebbd7cad84b"
"md","SKILL","bmm","bmm/v6-shims/bmad-create-architecture/SKILL.md","f438c90ac1e9020354e6b5eb00a4bfca52b163c16ef1d42cf3581e32032bf711"
"md","SKILL","bmm","bmm/v6-shims/bmad-create-prd/SKILL.md","16ab98f40a66c7dc8c6efca7db13d1975c7b16bb64e0fe4838c6db9e1af7a5fc"
"md","SKILL","bmm","bmm/v6-shims/bmad-create-story/SKILL.md","b9aee345d2ce893cbd327606e770ef3c60e7ebbbeda50b99b0b422401cf3b251"
"md","SKILL","bmm","bmm/v6-shims/bmad-dev-auto/SKILL.md","b5a177ecc3b547f8c45722cee46078d68879e087255d10b6593a16b03c65eaa9"
"md","SKILL","bmm","bmm/v6-shims/bmad-dev-story/SKILL.md","a4778baf44d18f0811705fee7bd9b1ae882a45fa39d01c5ed5586fd2706cfcdb"
"md","SKILL","bmm","bmm/v6-shims/bmad-document-project/SKILL.md","4ecad3a6cdd7cf7b772f9d3cf6efd50677fd15b0b753123b04c53fc95b0691d8"
"md","SKILL","bmm","bmm/v6-shims/bmad-domain-research/SKILL.md","420270964e725a18a34302557c86be8975a3fa646f50b79f6d586c09f4aa0b06"
"md","SKILL","bmm","bmm/v6-shims/bmad-edit-prd/SKILL.md","13891652dc3ac8ab01d42ee6f653edfd20d9d88fc2463284d9ddbf94682206e6"
"md","SKILL","bmm","bmm/v6-shims/bmad-market-research/SKILL.md","d39a24dc803a5262625692454dc4d82871c5894cfe3a0644b582fa4c55be42d5"
"md","SKILL","bmm","bmm/v6-shims/bmad-quick-dev/SKILL.md","4bdd6f8704a520b8858e17de0682c4af36a8c35ab4c3207ea63712a0afa44bd2"
"md","SKILL","bmm","bmm/v6-shims/bmad-sprint-status/SKILL.md","47f2a25933e2dd05fbbc7eb92a32fdd0d9821a2099db1916144f190834658bae"
"md","SKILL","bmm","bmm/v6-shims/bmad-technical-research/SKILL.md","e43bd9028a862b0c8b7c35c446907faa3b2a5768bd29a9367bdb3358696efcde"
"md","SKILL","bmm","bmm/v6-shims/bmad-validate-prd/SKILL.md","cd49ba670eea38285d402f0ba83d4d1cc7041fb52b82d030d37d0d722e13eac8"
"md","spec-template","bmm","bmm/plan/bmad-spec/assets/spec-template.md","4b3a032c045fdd0903933446fc07f93e879997f28a0294ed4344da71192b20ee"
"md","spec-template","bmm","bmm/ship/bmad-build/spec-template.md","e217325964857ebd90a9508bf171eddc2c4ad1b0b9b32a119775ac5c015695fd"
"md","spec-template","bmm","bmm/ship/bmad-build-auto/spec-template.md","59a046df2773ec05af0688823d17238bfde2bb54c0c3b3eff6acec4856f1eb7a"
"md","spine-template","bmm","bmm/plan/bmad-architecture/assets/spine-template.md","ef4ff795624eb5439fae54a06edb389feb5a0cf79cb01ae007af51109335d198"
"md","status-view","bmm","bmm/plan/bmad-sprint-planning/references/status-view.md","c3547e221ebf6e55c874e2ada3e8c18198835213c76f0bb2e0e64150aac355ab"
"md","step-01-clarify-and-route","bmm","bmm/ship/bmad-build/step-01-clarify-and-route.md","1e8095b08e9e9c57d9b24678b524e07d0b6bbb5af72ba213622f12a1c7d909cc"
"md","step-01-clarify-and-route","bmm","bmm/ship/bmad-build-auto/step-01-clarify-and-route.md","50674ecef3b4b7a26b993685c9a79ccd87b00b2255d51b6b9c13ed32aa6d1ffa"
"md","step-01-gather-context","bmm","bmm/ship/bmad-code-review/steps/step-01-gather-context.md","51941fd52406cf075ac9172cdcbeebefe85df91ea818ad8ec723724de67a1831"
"md","step-01-orientation","bmm","bmm/ship/bmad-walkthrough/step-01-orientation.md","d9e3b949c36d49a025f3535773af2b51888fe4ce616b6d6d69683a122716b1d2"
"md","step-01-validate-prerequisites","bmm","bmm/plan/bmad-create-epics-and-stories/steps/step-01-validate-prerequisites.md","7181608c1ee4e55c084c6627d68fc55a8a0b6917e489f8ac77531a0530428a30"
"md","step-02-design-epics","bmm","bmm/plan/bmad-create-epics-and-stories/steps/step-02-design-epics.md","7c66987808c1f84e853fe54b7aff26d209196d450b5644704110f124a15179bc"
"md","step-02-plan","bmm","bmm/ship/bmad-build/step-02-plan.md","5c999430f818f58fc5e4f64309a1b0f81358ce0ddcfbd3f44b25d56279ef25d8"
"md","step-02-plan","bmm","bmm/ship/bmad-build-auto/step-02-plan.md","a08e303c10f88dbfce88c55044757ec5059afe338793eb414e1ddb0b7c324625"
"md","step-02-review","bmm","bmm/ship/bmad-code-review/steps/step-02-review.md","f2b8e654cf595746656d9861c4ac722f65b02939c53900f4f6d8b24988b2155a"
"md","step-02-walkthrough","bmm","bmm/ship/bmad-walkthrough/step-02-walkthrough.md","66cf893f8f968ee81034e9ccd8c20415692c3a8c23a9a143c2245fe6c800acdc"
"md","step-03-create-stories","bmm","bmm/plan/bmad-create-epics-and-stories/steps/step-03-create-stories.md","c5b787a82e4e49ed9cd9c028321ee1689f32b8cd69d89eea609b37cd3d481afc"
"md","step-03-detail-pass","bmm","bmm/ship/bmad-walkthrough/step-03-detail-pass.md","d48163b9f305f15af57729a8443142e47beb6c3e977554afe12b39ee49cb9fc0"
"md","step-03-implement","bmm","bmm/ship/bmad-build/step-03-implement.md","15fd02d2f655d4102c515134ed6aa40cd055bd9d811e49d529512f8f36d09b03"
"md","step-03-implement","bmm","bmm/ship/bmad-build-auto/step-03-implement.md","0dc9c9634eca148baaec03e7d154840a14101f92492b7ab469625bf13b4e2ab5"
"md","step-03-triage","bmm","bmm/ship/bmad-code-review/steps/step-03-triage.md","337ac3ad2cd8cabb34f4e47c8778cfd703f919753573dd9d708b7218fd5de684"
"md","step-04-final-validation","bmm","bmm/plan/bmad-create-epics-and-stories/steps/step-04-final-validation.md","0440ee43eadb39780f0647c27b2e8af5c153e68c9a33350dc9203bf81f388513"
"md","step-04-present","bmm","bmm/ship/bmad-code-review/steps/step-04-present.md","a9619f7df9b9112c0e42ee71a362f73dfa38ef6dff7b403975dbd6d2480a8d9f"
"md","step-04-review","bmm","bmm/ship/bmad-build/step-04-review.md","f6b3f3fa5d3af0b324db2efee9351d4c348bdc0dfa4dad6c058eb4fd37921333"
"md","step-04-review","bmm","bmm/ship/bmad-build-auto/step-04-review.md","c5530c50c89f197720275b83466b382f896fa27a0bba30d4b75c6af162148cdf"
"md","step-04-testing","bmm","bmm/ship/bmad-walkthrough/step-04-testing.md","28a56e868968ea2d18add0df8c4bccced0f94b698e218df3d45ddac072ce369c"
"md","step-05-present","bmm","bmm/ship/bmad-build/step-05-present.md","551e0847e2ebb64575180a5dacca5786b9b9d7825dcd986e1b3b58442eaf713a"
"md","step-05-wrapup","bmm","bmm/ship/bmad-walkthrough/step-05-wrapup.md","5bfe0f9240ae073f1b5c843d172c11e76cbe6067e8df414ea6a338c81f113f5d"
"md","step-oneshot","bmm","bmm/ship/bmad-build/step-oneshot.md","241fa52e227c048a5d8e4428bef0f153267475f697640899deb218b58ebfd378"
"md","stories-schema","bmm","bmm/plan/bmad-spec/assets/stories-schema.md","4f8137c00e2710288354a4466d1cfb90704f4b2a04bd3b63924218fd589cc6a9"
"md","sync-sprint-status","bmm","bmm/ship/bmad-build/sync-sprint-status.md","7ff44d21f5d813f4993780271eec8df2fce1373f525ff80e595b7c10618c4c36"
"md","team-discussion","bmm","bmm/ship/bmad-retrospective/references/team-discussion.md","a9c504c436038c7e47d08322413aa3c213d2859b36ae30e873cb8c60fd9e008e"
"md","template","bmm","bmm/plan/bmad-project-context/references/template.md","5e2bc291e734a481fd2925877adfbe82b03313f300baf67dfdb6fa22a1181601"
"md","template","bmm","bmm/v6-shims/bmad-create-story/template.md","29ba697368d77e88e88d0e7ac78caf7a78785a7dcfc291082aa96a62948afb67"
"md","validate","bmm","bmm/plan/bmad-prd/references/validate.md","19b2fa66d58cb4fef3d920cd09c81f8add4ee44dd4191bec87eaba84c2093338"
"md","validate","bmm","bmm/plan/bmad-sprint-planning/references/validate.md","ac680fa0a0f945a9bc0fc89ca709b2a8e6bc3b2617cd0d3d730378c4b5edd86d"
"md","validate","bmm","bmm/plan/bmad-ux/references/validate.md","7c2189d9ac1585d9408b6ed0346ba564869e7db89dba8f81044db3431cfcee65"
"md","verdict","bmm","bmm/plan/bmad-prfaq/references/verdict.md","c962ce2c97e824cb53dae70c898153ffac3ea56b56565012ca2b96bb21c9618c"
"md","verification-gap","bmm","bmm/ship/bmad-build/review-prompts/verification-gap.md","45ab0b8c4c56c5c055c97a293a8591a67e256d0b1a2058ce1f093cd866be8d03"
"md","verification-gap","bmm","bmm/ship/bmad-build-auto/review-prompts/verification-gap.md","45ab0b8c4c56c5c055c97a293a8591a67e256d0b1a2058ce1f093cd866be8d03"
"md","verification-gap","bmm","bmm/ship/bmad-code-review/review-prompts/verification-gap.md","06f6184d7d94c808970d0146cdc4585dfd66b94a7b7ab2988277fb6fc4208508"
"md","web-researcher","bmm","bmm/plan/bmad-prfaq/agents/web-researcher.md","6e9127bb9bd3e4b15c701e4ced9eef328769262cd34eadc221bebe954c1f3aef"
"md","workflow","bmm","bmm/ship/bmad-build/workflow.md","481ff00ef349a9c7845feca02bbfd5722b1e318ccabac858355da6c90c2d8a39"
"md","workflow","bmm","bmm/ship/bmad-build-auto/workflow.md","611f429206029a903ec9433ccdfd9b186fbafc6dc95da0a21fbcdf5965ad25ea"
"py","git_evidence","bmm","bmm/ship/bmad-retrospective/scripts/git_evidence.py","6e08688d2943217b61e784c7df3508aa1502d7cecf53ea7cd530944c431c91b6"
"py","lint_spine","bmm","bmm/plan/bmad-architecture/scripts/lint_spine.py","040e0f1c13d31e6a21c518df943d1d7de7b75d8d98a07603b0983f3f3fb500db"
"py","sprint_plan","bmm","bmm/plan/bmad-sprint-planning/scripts/sprint_plan.py","4c30f62c261599fc1da3fd319ea6ce5092aa0332221cedee1763a1040627e6bc"
"py","sprint_status","bmm","bmm/ship/bmad-retrospective/scripts/sprint_status.py","a697eecd53cd9177657aee4cfdb2eab06d7d81f3e855b096cfe0482a74c50ebe"
"py","test_git_evidence","bmm","bmm/ship/bmad-retrospective/scripts/tests/test_git_evidence.py","0abfc8fad338830fc2db656d3ccc500631b0ea7a2ab87d853c13a6bbd46ff13c"
"py","test_lint_spine","bmm","bmm/plan/bmad-architecture/scripts/tests/test_lint_spine.py","e86bb9a62c5cca74ddc89c843386f2b992610fcc1792d40e03bc9cd445b77681"
"py","test_sprint_plan","bmm","bmm/plan/bmad-sprint-planning/scripts/tests/test_sprint_plan.py","f1c3b640e156946b0a234e233807b2a3983cb0d3f2d13dbb9830fbe0c67e5238"
"py","test_sprint_status","bmm","bmm/ship/bmad-retrospective/scripts/tests/test_sprint_status.py","23da16cca54904a256fcf88fd8f912c3f6091ea343768c241bbd2aeebbca2af3"
"pyc","sprint_plan.cpython-311","bmm","bmm/plan/bmad-sprint-planning/scripts/__pycache__/sprint_plan.cpython-311.pyc","0fe1a96a2b46fc9aaa10576b23f99908f8b292c62b69c981f64c4dc43a9ddc16"
"pyc","sprint_status.cpython-311","bmm","bmm/ship/bmad-retrospective/scripts/__pycache__/sprint_status.cpython-311.pyc","d4eb873a77a385739b2679f123fe3c0410af6b364d03ede66f8c39b579ae9cde"
"pyc","test_git_evidence.cpython-311-pytest-9.1.1","bmm","bmm/ship/bmad-retrospective/scripts/tests/__pycache__/test_git_evidence.cpython-311-pytest-9.1.1.pyc","8a93816fef76406fa332567f7b522e98ad8efcb0e3913f2466b763828bef5d85"
"pyc","test_sprint_plan.cpython-311-pytest-9.1.1","bmm","bmm/plan/bmad-sprint-planning/scripts/tests/__pycache__/test_sprint_plan.cpython-311-pytest-9.1.1.pyc","47bb2cab5ed1bd3b8eff04d263bd89ec93aff7b8bb1be751bc4df4dcbdbb281d"
"pyc","test_sprint_status.cpython-311-pytest-9.1.1","bmm","bmm/ship/bmad-retrospective/scripts/tests/__pycache__/test_sprint_status.cpython-311-pytest-9.1.1.pyc","1cd4f09e6d489efa47bb7cf6e2f1ba735153a2573a1b6385b7311288eff57370"
"toml","customize","bmm","bmm/agents/bmad-agent-analyst/customize.toml","d6e2c5c660e8900866298961266a0b1c189c8643f2c1c9da602101e9f98d3388"
"toml","customize","bmm","bmm/agents/bmad-agent-architect/customize.toml","bd0ebb48faeab1e6f709d0291a13d33003484a597ed2b9c90f221b2345513b06"
"toml","customize","bmm","bmm/agents/bmad-agent-dev/customize.toml","ab52d8840427e10d5956b592c34e63edc77ebdafd7b54ce60da11cf67ed72ced"
"toml","customize","bmm","bmm/agents/bmad-agent-pm/customize.toml","4613c72cfe3bc3143bd50c5732bce464c21c7266fe7dd930bc659c54e7315b39"
"toml","customize","bmm","bmm/agents/bmad-agent-ux-designer/customize.toml","4acd1d9cdbf4a4328c389229ea9e9f2885d0692f8e10e3d9456da45844337c2c"
"toml","customize","bmm","bmm/plan/bmad-architecture/customize.toml","e9c5f75bd6605199f3908d6a1f013d6b42fb12b6f35c9a5e13a44f7f872b7b79"
"toml","customize","bmm","bmm/plan/bmad-create-epics-and-stories/customize.toml","e7633a4e6e33161c7cb13034e5132d9d29f8a7031e75765d16a60724f2089557"
"toml","customize","bmm","bmm/plan/bmad-prd/customize.toml","d23707fe7ff5f5060a05b5b8bda3f170b9b1d9be61e409e9f7ae91f83572db6a"
"toml","customize","bmm","bmm/plan/bmad-prfaq/customize.toml","b764b9ea360734d681115b958d0ccd478f1b56ce0045ecd6f71311ef005d8980"
"toml","customize","bmm","bmm/plan/bmad-product-brief/customize.toml","bef95b0ab71793d214ec59ed7397a25f7253e63fad5d60570248614db6186905"
"toml","customize","bmm","bmm/plan/bmad-project-context/customize.toml","9bf8a3aa919832cd8932853da550fcaebd06a9e13c0cde453f4379d8327f9c0f"
"toml","customize","bmm","bmm/plan/bmad-spec/customize.toml","d0f1f926bed79d514f8fdbc458a1883167fb64663bf2464c40e3c50dc2dcdbea"
"toml","customize","bmm","bmm/plan/bmad-sprint-planning/customize.toml","54c7f6a8af77ff7ea6c9dbb00b515023999e011aabc802b7b328e82f505b0299"
"toml","customize","bmm","bmm/plan/bmad-ux/customize.toml","e85144ed214dc1e002ee7fc6589a0a7ef352c5f79ab4cb37a4e05ee8e245549c"
"toml","customize","bmm","bmm/ship/bmad-build/customize.toml","0ee9b033a40640420d1dc3411de7428146d00bf8c1409c9a9cfe6c1743cd53b9"
"toml","customize","bmm","bmm/ship/bmad-build-auto/customize.toml","31417a8239f213c00621bb9016c3099631ae7ef03731ce5be209a5668a5730ee"
"toml","customize","bmm","bmm/ship/bmad-code-review/customize.toml","282d9483ccb74acab1efb965ce10ebd6206a61da94da245a705a6358dbf0dc2e"
"toml","customize","bmm","bmm/ship/bmad-correct-course/customize.toml","9990c3d4a1aa90a207f7e3380a7a48a5c9c005702194f63c6a959a4b1a18586f"
"toml","customize","bmm","bmm/ship/bmad-qa-generate-e2e-tests/customize.toml","4fbbd9d96e5af24ae012d33e59582b88867e8203dcd5a29f0d46b42ef6d747b8"
"toml","customize","bmm","bmm/ship/bmad-retrospective/customize.toml","33ce7da5bad6dfe1791218d8d607b749f9b58586b232df7ea0d3263ec50ec466"
"toml","customize","bmm","bmm/ship/bmad-walkthrough/customize.toml","2a4b14c5b25729a2d8fa9d9762ab3f12ac9429cfc6bd31fd80a81d86eed98630"
"toml","customize","bmm","bmm/v6-shims/bmad-create-architecture/customize.toml","78846362bbfb692c79c4c65902e3ff6f965eed388bc11001b8565fd3af5811bc"
"toml","customize","bmm","bmm/v6-shims/bmad-create-prd/customize.toml","a88606870e95c0f537542fa685a86ec414f62a66b21577c7c35718c904d9507d"
"toml","customize","bmm","bmm/v6-shims/bmad-create-story/customize.toml","b097b92a5a3f6e9f8d3c0a0c4d7a5377b14fe52e59926b6e91696c4d58f4dfde"
"toml","customize","bmm","bmm/v6-shims/bmad-dev-story/customize.toml","f984ba996bf5f777b79340811381a8e7b217f6523bebbd42aec3164769ee8ae9"
"toml","customize","bmm","bmm/v6-shims/bmad-edit-prd/customize.toml","17b3a9ec376f655653d9eec209763a6e4345353d6c1845409e22bd8c113e0983"
"toml","customize","bmm","bmm/v6-shims/bmad-sprint-status/customize.toml","2b038bb1382c396f60c207f5811645a69f6996b607cc70bee78943076d48a2ba"
"toml","customize","bmm","bmm/v6-shims/bmad-validate-prd/customize.toml","06a88beaafc7ac2ef75d1da0dd87d7736e386e3309f7af662568d5bcc60a401a"
"yaml","config","bmm","bmm/config.yaml","2708e38dcace2ad9d10d063e73805e488908fdddb29ee6268aa6ce3bcfc9781b"
"yaml","sprint-status-template","bmm","bmm/plan/bmad-sprint-planning/sprint-status-template.yaml","64b1a937e1fe03b8b8d158e3b1caeb89e7d51692a56c16038e2af091decc553a"
"yaml","sprint-status-template","bmm","bmm/ship/bmad-retrospective/scripts/tests/fixtures/sprint-status-template.yaml","64b1a937e1fe03b8b8d158e3b1caeb89e7d51692a56c16038e2af091decc553a"
"toml","config","config.toml","config.toml","48f08f354cb02c4e8153a65c972acb35838421ac00a4f65380a60d52c5017e3c"
"toml","config.user","config.user.toml","config.user.toml","35ee64b75b9622caf5fe0e9c13b70553c241f3fcc0d637b3f7c6ea30090d4cae"
"csv","brain-methods","core","core/bmad-brainstorming/assets/brain-methods.csv","fff112eabca1a9cb8b190f8314bc47678becc5782a2372e11c83daa0e33b6dfd"
"csv","methods","core","core/bmad-advanced-elicitation/assets/methods.csv","d110ff5f076fb9421552b83692fde2c2d367734049169c7a55f7267a3dc7ef89"
"csv","module-help","core","core/module-help.csv","38846d71f87159345d6a6256a170c142fb3f53d9cf9c258c9ee6f26bd88a86c7"
"html","brain-selector","core","core/bmad-brainstorming/assets/brain-selector.html","c110919a3366bd96061f050f98503e3586185e3d1df5ff8b62a5a046c571a436"
"json","brain-icons","core","core/bmad-brainstorming/assets/brain-icons.json","a101c56e89f1d0f9e4131dfdfc19e10c746e3a61c3f92537d04a6f4897b7d331"
"md","academic-lit","core","core/bmad-deep-recon/types/academic-lit.md","514b0b7b1184cb95363dedeb0c2298a9bf5c430c74146fe2114f31780fadb325"
"md","competitive","core","core/bmad-deep-recon/types/competitive.md","39b53df87d295fdc4388719fcdf31ad2221e64afc136e669207f46d2727a3aec"
"md","converge","core","core/bmad-brainstorming/references/converge.md","1528c32ddc64f8061fec663306f7208d2fd4d4a90e660552b8138bda7e452dc0"
"md","create-party","core","core/bmad-party-mode/references/create-party.md","fb516cf4e66b2c94519b9bb80cf7bd966fee285549c773b402400bff664a2aab"
"md","domain","core","core/bmad-deep-recon/types/domain.md","3a34b2e62c3589f8c8d01158357ee9fba32648c9fdfe70035bb3ca971862896b"
"md","draft","core","core/bmad-deep-recon/references/draft.md","ac19b33a00ca529c3281df6076f87a833a3b11fc30915ca2c6e7590f7986b90e"
"md","editorial-common","core","core/bmad-review/references/editorial-common.md","f0cdc72ea345b2c5dc3001477b3dfcc909ca11b78f7db8865b6763d18ffc66c8"
"md","finalize","core","core/bmad-brainstorming/references/finalize.md","b6074e7fb4d86ffcf899abc50b9049b4a1f6fe550917f4be7a1c7a888477e07e"
"md","finalize","core","core/bmad-deep-recon/references/finalize.md","d2ba4bee615dfbca6e7725179fb5ebd856dd34a54ba3f306e25255dfd7b1d126"
"md","headless","core","core/bmad-brainstorming/references/headless.md","b8ea5951199cff7e4813e06aef35683ca0658230fa015e358cacc466b1138a42"
"md","html-briefing","core","core/bmad-deep-recon/references/html-briefing.md","cd3a88c1a5505fa7f1b715afc3adb34f3d64ade66f4c6b49a59f7e8cfcbe38d4"
"md","in-chat-techniques","core","core/bmad-brainstorming/references/in-chat-techniques.md","18239464e3e4f00ea9063d015d26d6b0a696b72e7e3c5be92352da6db9a3f244"
"md","lens-adversarial","core","core/bmad-review/references/lens-adversarial.md","7c5ce97ab2f3ecb96ceb6aa76417f68c1b7df535edd3cc51666d8e1216e6e557"
"md","lens-edge-case-hunter","core","core/bmad-review/references/lens-edge-case-hunter.md","5f0c4778d7b393d11156af8c1bd9bf88aafeb9d50fff5f460ca67df50d927e7d"
"md","lens-prose","core","core/bmad-review/references/lens-prose.md","4cbcb1eaea8567d272f5db7c6cdfd74ed5a8aae6831053cb2f01cbfc2cb98b98"
"md","lens-structure","core","core/bmad-review/references/lens-structure.md","98c08221f517133e57ef6325013935360c3365ebd7dcb8411b2050d7df507ee3"
"md","lens-verification-gap","core","core/bmad-review/references/lens-verification-gap.md","e7123d81171eeeee1b3782d13d94c2988969fe357dd71949131a5eb97803e2c6"
"md","lifecycle","core","core/bmad-deep-recon/references/lifecycle.md","2315fd9cb9223504639616b861ad593bfecb53d605efbd598ae2cf94fb6c4cdf"
"md","market","core","core/bmad-deep-recon/types/market.md","81ac04499da441857672e29fcd7169436a7e239e67194288ac0d526ec514cb5e"
"md","mode-agent-team","core","core/bmad-party-mode/references/mode-agent-team.md","def759a17f4bb45463b68fb74c2b828b0a4241720b2b6cc1c9c611a1016ae9d7"
"md","mode-auto","core","core/bmad-party-mode/references/mode-auto.md","a37fd24f76dfcde385890d5c5947bb6f40ca44bea86c805d267b6ae3aab39f70"
"md","mode-autonomous","core","core/bmad-brainstorming/references/mode-autonomous.md","d815d2c7f0f8cc0cdfa7c619eaf61f59fd78142f13c69365eda257da38b97bdf"
"md","mode-facilitator","core","core/bmad-brainstorming/references/mode-facilitator.md","1b908498d285d190859aed00c3ba5b399d7f6aa8e94d54e95456d15cd6fe6073"
"md","mode-partner","core","core/bmad-brainstorming/references/mode-partner.md","caa0ed378c116def4de382f4e5a95173c6ae6cc5464f1792e7d8196360f79c8a"
"md","mode-subagent","core","core/bmad-party-mode/references/mode-subagent.md","86161b24a0b13b8f9cb9309042e4249d8caefff8cc33728b084cd2ec22f9d2e1"
"md","party-memory","core","core/bmad-party-mode/references/party-memory.md","800b4b4b920bb881a7b32aaabca8559a98273799b2476d83a23e290e301fb315"
"md","process","core","core/bmad-deep-recon/references/process.md","9017d04774807a29103ea97331e555e2793f90098af65752b72f3ee09df85906"
"md","README","core","core/v6-shims/README.md","017900bb03baeddc0262041a6aa85bce744e8c45991dcde32ef042f9bc2a32b2"
"md","research.template","core","core/bmad-deep-recon/assets/research.template.md","87d7cfa85fa5036b5a309b7bfb88f7934f50bb81f3cff02d2b49b4c7345cfc38"
"md","resume","core","core/bmad-brainstorming/references/resume.md","0f79535d72eefe6c55bd5ae47fe4753de8d27235cf129f10b2c596a124c26526"
"md","run","core","core/bmad-deep-recon/references/run.md","8e259dc88820ac989c79620af5c37e24f00df21ac4af308ce3563c0e66c9406c"
"md","selection","core","core/bmad-deep-recon/references/selection.md","2b488c08f9550afe7fda32c2dc5d4591927afd7b9ad507fcce0ae8593c4b9d31"
"md","SKILL","core","core/bmad-advanced-elicitation/SKILL.md","d38cb53f1c7c77f13664c340026a1a4932ae1ca5a24471eebaeb172b88c7942f"
"md","SKILL","core","core/bmad-brainstorming/SKILL.md","2657a2088329651fd06f030e61997fc9f21986588d65ce96f14043af14d8534e"
"md","SKILL","core","core/bmad-customize/SKILL.md","ef42ffe69d1758ee12f22d6c143262926f715dd13fecb874c8a5971916d41598"
"md","SKILL","core","core/bmad-deep-recon/SKILL.md","e6de27d7c037e2951c5684d976186f6772cc724279af4b3cac05e21c42156db5"
"md","SKILL","core","core/bmad-forge-idea/SKILL.md","e44d0008db0c0b30f3fa533e987efe66b2c852530b70fed03f0d4d9cbabe2b4b"
"md","SKILL","core","core/bmad-help/SKILL.md","72573fbbd205cab6119015b7a20951055c7f1f583162674ebed7a68368dc889c"
"md","SKILL","core","core/bmad-party-mode/SKILL.md","7bf82a11627595762244c969cdcc836869c935c5aa99a7c5ec5657581c1f4dd0"
"md","SKILL","core","core/bmad-review/SKILL.md","c571dd7d3aa75f3b40749cf9db352c5e76244de22139cfb13c26629d28be1fa7"
"md","SKILL","core","core/v6-shims/bmad-editorial-review/SKILL.md","9680a256a5f1692940812f377e58c2908390370a20a6d20d59ceb1145a3c1cff"
"md","SKILL","core","core/v6-shims/bmad-editorial-review-prose/SKILL.md","967a60cf24c920a058583c7b40281a0be2fd38d1c7f9255e029e276fe8e4a2be"
"md","SKILL","core","core/v6-shims/bmad-editorial-review-structure/SKILL.md","d3280d83959f1103d13303e8df674264ce85c33556e6b0d761b901a66ea05a49"
"md","SKILL","core","core/v6-shims/bmad-review-adversarial-general/SKILL.md","30b57f12c6c527f5bcf8cf649eb53ece4b809b140eb4d66cf495e30dfa6f6a31"
"md","SKILL","core","core/v6-shims/bmad-review-edge-case-hunter/SKILL.md","4c7bdf0e1f00278468b7e9cd7f28658067d35902479ed7f1f85718d17abbaaac"
"md","SKILL","core","core/v6-shims/bmad-review-verification-gap/SKILL.md","0e0575d6c0d8de4a6f2035347e2a80f81a33f7e395c6d59ade723e7356b73d89"
"md","structure-models","core","core/bmad-review/references/structure-models.md","f84f85070e1af75f2482757aba9d37d69d805a20826d185527e598f2ba6b9292"
"md","synthesis","core","core/bmad-deep-recon/references/synthesis.md","4d9ef1247ab45241f919010e94c99699abc0a6e18b5bd68fa93ae54afe59d172"
"md","technical","core","core/bmad-deep-recon/types/technical.md","55f71428c70547b89d67ef0c6cdad59caeb0ee21082cd1230c05618ba8d04707"
"md","user-voice","core","core/bmad-deep-recon/types/user-voice.md","1831ce46e53e8c68244d28e336c5ef9e53e64f21a00b74a817b9b2924c1e8e72"
"md","verification","core","core/bmad-deep-recon/references/verification.md","0393ded4828fec69a4819d7236827910d641d09c3b61144c0211a9a78776fdd2"
"py","brain","core","core/bmad-brainstorming/scripts/brain.py","f81b28fe590f607b95c7218a7cdd6fb6eb91d3a76b9671acf54bcaf36fd4e6ca"
"py","list_customizable_skills","core","core/bmad-customize/scripts/list_customizable_skills.py","8787f542930b927789e7fdf12bc5a67ff08e19865903a5ad05ff2cc8fc426b66"
"py","pick_methods","core","core/bmad-advanced-elicitation/scripts/pick_methods.py","60020ec4767894ea3d8707c4b61e78b679d434315be1dd29154bf64d88126fff"
"py","recon_kit","core","core/bmad-deep-recon/scripts/recon_kit.py","8cb5187b5114b779532907383a013d40fdea1022bb9bed9a23bd8d0fdfa79e8c"
"py","resolve_party","core","core/bmad-party-mode/scripts/resolve_party.py","349d911a194d844e6d885ba8afd9296d7dba6dc87b4071534b31da17ae8ab796"
"py","resolve_personas","core","core/bmad-forge-idea/scripts/resolve_personas.py","9273c71595d6317e0a1035b1a632a47a8943379797d0a4db0d2842e5787c31cc"
"py","test_brain","core","core/bmad-brainstorming/scripts/tests/test_brain.py","b219da8e5e3ccd4ebae95fb02bc5683d6b62593d71db75a712adc7a1b9017bc3"
"py","test_list_customizable_skills","core","core/bmad-customize/scripts/tests/test_list_customizable_skills.py","24c3d384b3b5d490b7335c17866bfe0425af253ce669c32382fa88feb705934d"
"py","test_pick_methods","core","core/bmad-advanced-elicitation/scripts/tests/test_pick_methods.py","610099d8494529f9203d7262567810b500552bcef006b3b6388d58da3da71978"
"py","test_recon_kit","core","core/bmad-deep-recon/scripts/tests/test_recon_kit.py","1b4ddf482dd2d11a214ee2f821c35d7a8c41905b5d8d9cc69a293304bb8a1665"
"py","test_resolve_party","core","core/bmad-party-mode/scripts/tests/test_resolve_party.py","9cc25d2bff884f08517abfbebb7054d43804dc48e650c5c5f7c0618ce231413f"
"py","test_resolve_personas","core","core/bmad-forge-idea/scripts/tests/test_resolve_personas.py","f8d040801d53e48c1aec147d1e28c5b279e459f49ea1fd1673dbd7e340022a99"
"py","test_word_metrics","core","core/bmad-review/scripts/tests/test_word_metrics.py","3b5a285d3c9f611b3cda8c9c1d52d6b214c1f72e6e64a94ea5b0e220db5a8765"
"py","word_metrics","core","core/bmad-review/scripts/word_metrics.py","fb45007a7f3cfc18d13ee8bd4787facdaae297570193bc769456297dd33da78b"
"toml","customize","core","core/bmad-advanced-elicitation/customize.toml","735a276edd51786ccfd2c3417d9a2b9dee4244a6102698981b3888f68d979ed9"
"toml","customize","core","core/bmad-brainstorming/customize.toml","313c3b348473cd40ba02ceae4b299c617300af78debb2f5585c8d3941cc2d8d3"
"toml","customize","core","core/bmad-deep-recon/customize.toml","24d1383066034fd4fcf282279aaf0d29d21910fd1247dfe3dbad74a70e78814d"
"toml","customize","core","core/bmad-forge-idea/customize.toml","839f57b89c8b04038fa795525f55799ee5c23431b17d429fe668880e78399ef2"
"toml","customize","core","core/bmad-party-mode/customize.toml","332aca1a85a681ff38a78850deb552e954d6a7d0b32f8d22caf9b2b2324b4e24"
"toml","customize","core","core/bmad-review/customize.toml","005dde84f09c0b1ab0ef0ee87f1ed1985922c893089cc3595157611fb83b3ebd"
"toml","customize","core","core/v6-shims/bmad-editorial-review/customize.toml","a5c5fed539e6543121e57cc29bb65559bb6391efc806bf8759c8e29697a94a34"
"yaml","config","core","core/config.yaml","c20ce22d5e63d2ff156e5092db1de20c1b4f8ae74ef78a0863ddaaf4de439a21"
"file",".gitignore","render","render/.gitignore","240a3e0d37d2e86b614063f5347eb02d4f99ca6c254de6b82871ff8d95532a7d"
"py","config_utils","scripts","scripts/config_utils.py","48afe2bc18a29201e343cce3703be1e70df9c83ee74eeb68e57ef8ef42e8c651"
"py","memlog","scripts","scripts/memlog.py","3b00f82ca33dc4227f715123b939514ee35c4f9c71150c894c3d8185df1b48df"
"py","render_skill","scripts","scripts/render_skill.py","8496d0d8b449d64c21b42a9aab3b13fc8a813a430c0695ffd84ad75bb1da7942"
"py","resolve_config","scripts","scripts/resolve_config.py","70d7577396ed40ab9462ab75dce51f852bc2e094b2d1a054214f1b30c8789768"
"py","resolve_customization","scripts","scripts/resolve_customization.py","c95aab9f2dc500d6ab7db77d6a7860028701ce414e03690613a282cc3659d284"
"cjs","tea-enforce","tea","tea/workflows/testarch/bmad-testarch-framework/resources/hooks/tea-enforce.cjs","f3271bfc65c4e86df4fbd2fcff762fb32788d3597147365ff58b07f53c9d2b83"
"csv","module-help","tea","tea/module-help.csv","859219d05cb9fbc8e5848b15d7fcdc38392707a182a10757fee9cbc8a351f2b9"
"csv","tea-index","tea","tea/agents/bmad-tea/resources/tea-index.csv","b5cf681cb541379fa39ccd009c2757503e94f1ad5b6623453750d990ccb300fc"
"csv","tea-index","tea","tea/workflows/testarch/bmad-testarch-atdd/resources/tea-index.csv","b5cf681cb541379fa39ccd009c2757503e94f1ad5b6623453750d990ccb300fc"
"csv","tea-index","tea","tea/workflows/testarch/bmad-testarch-automate/resources/tea-index.csv","b5cf681cb541379fa39ccd009c2757503e94f1ad5b6623453750d990ccb300fc"
"csv","tea-index","tea","tea/workflows/testarch/bmad-testarch-ci/resources/tea-index.csv","b5cf681cb541379fa39ccd009c2757503e94f1ad5b6623453750d990ccb300fc"
"csv","tea-index","tea","tea/workflows/testarch/bmad-testarch-framework/resources/tea-index.csv","b5cf681cb541379fa39ccd009c2757503e94f1ad5b6623453750d990ccb300fc"
"csv","tea-index","tea","tea/workflows/testarch/bmad-testarch-nfr/resources/tea-index.csv","b5cf681cb541379fa39ccd009c2757503e94f1ad5b6623453750d990ccb300fc"
"csv","tea-index","tea","tea/workflows/testarch/bmad-testarch-test-design/resources/tea-index.csv","b5cf681cb541379fa39ccd009c2757503e94f1ad5b6623453750d990ccb300fc"
"csv","tea-index","tea","tea/workflows/testarch/bmad-testarch-test-review/resources/tea-index.csv","b5cf681cb541379fa39ccd009c2757503e94f1ad5b6623453750d990ccb300fc"
"csv","tea-index","tea","tea/workflows/testarch/bmad-testarch-trace/resources/tea-index.csv","b5cf681cb541379fa39ccd009c2757503e94f1ad5b6623453750d990ccb300fc"
"groovy","jenkins-pipeline-template","tea","tea/workflows/testarch/bmad-testarch-ci/jenkins-pipeline-template.groovy","ae865401625d2d20b9396d41e333f39bc167967e1949761301e551131c4c7958"
"json","live-verification-results.example","tea","tea/workflows/testarch/bmad-testarch-trace/resources/live-verification-results.example.json","d0b2362ac20fc2bc53826700f1b0168e250e37b9d1ad0e3626b6199cafd7a557"
"md","adr-quality-readiness-checklist","tea","tea/agents/bmad-tea/resources/knowledge/adr-quality-readiness-checklist.md","34bf3460bd3218ce00efc148137f2dc67dfac2d69215c362978ca688e2fe4420"
"md","adr-quality-readiness-checklist","tea","tea/workflows/testarch/bmad-testarch-atdd/resources/knowledge/adr-quality-readiness-checklist.md","34bf3460bd3218ce00efc148137f2dc67dfac2d69215c362978ca688e2fe4420"
"md","adr-quality-readiness-checklist","tea","tea/workflows/testarch/bmad-testarch-automate/resources/knowledge/adr-quality-readiness-checklist.md","34bf3460bd3218ce00efc148137f2dc67dfac2d69215c362978ca688e2fe4420"
"md","adr-quality-readiness-checklist","tea","tea/workflows/testarch/bmad-testarch-ci/resources/knowledge/adr-quality-readiness-checklist.md","34bf3460bd3218ce00efc148137f2dc67dfac2d69215c362978ca688e2fe4420"
"md","adr-quality-readiness-checklist","tea","tea/workflows/testarch/bmad-testarch-framework/resources/knowledge/adr-quality-readiness-checklist.md","34bf3460bd3218ce00efc148137f2dc67dfac2d69215c362978ca688e2fe4420"
"md","adr-quality-readiness-checklist","tea","tea/workflows/testarch/bmad-testarch-nfr/resources/knowledge/adr-quality-readiness-checklist.md","34bf3460bd3218ce00efc148137f2dc67dfac2d69215c362978ca688e2fe4420"
"md","adr-quality-readiness-checklist","tea","tea/workflows/testarch/bmad-testarch-test-design/resources/knowledge/adr-quality-readiness-checklist.md","34bf3460bd3218ce00efc148137f2dc67dfac2d69215c362978ca688e2fe4420"
"md","adr-quality-readiness-checklist","tea","tea/workflows/testarch/bmad-testarch-test-review/resources/knowledge/adr-quality-readiness-checklist.md","34bf3460bd3218ce00efc148137f2dc67dfac2d69215c362978ca688e2fe4420"
"md","adr-quality-readiness-checklist","tea","tea/workflows/testarch/bmad-testarch-trace/resources/knowledge/adr-quality-readiness-checklist.md","34bf3460bd3218ce00efc148137f2dc67dfac2d69215c362978ca688e2fe4420"
"md","api-request","tea","tea/agents/bmad-tea/resources/knowledge/api-request.md","16f960069ef96335ea83c8af5f48606a40fa9c099be219d5edff441a281e27de"
"md","api-request","tea","tea/workflows/testarch/bmad-testarch-atdd/resources/knowledge/api-request.md","16f960069ef96335ea83c8af5f48606a40fa9c099be219d5edff441a281e27de"
"md","api-request","tea","tea/workflows/testarch/bmad-testarch-automate/resources/knowledge/api-request.md","16f960069ef96335ea83c8af5f48606a40fa9c099be219d5edff441a281e27de"
"md","api-request","tea","tea/workflows/testarch/bmad-testarch-ci/resources/knowledge/api-request.md","16f960069ef96335ea83c8af5f48606a40fa9c099be219d5edff441a281e27de"
"md","api-request","tea","tea/workflows/testarch/bmad-testarch-framework/resources/knowledge/api-request.md","16f960069ef96335ea83c8af5f48606a40fa9c099be219d5edff441a281e27de"
"md","api-request","tea","tea/workflows/testarch/bmad-testarch-nfr/resources/knowledge/api-request.md","16f960069ef96335ea83c8af5f48606a40fa9c099be219d5edff441a281e27de"
"md","api-request","tea","tea/workflows/testarch/bmad-testarch-test-design/resources/knowledge/api-request.md","16f960069ef96335ea83c8af5f48606a40fa9c099be219d5edff441a281e27de"
"md","api-request","tea","tea/workflows/testarch/bmad-testarch-test-review/resources/knowledge/api-request.md","16f960069ef96335ea83c8af5f48606a40fa9c099be219d5edff441a281e27de"
"md","api-request","tea","tea/workflows/testarch/bmad-testarch-trace/resources/knowledge/api-request.md","16f960069ef96335ea83c8af5f48606a40fa9c099be219d5edff441a281e27de"
"md","api-testing-patterns","tea","tea/agents/bmad-tea/resources/knowledge/api-testing-patterns.md","3bd123dc827fc192c3c7d2d0d55320a17922fcc69c466c080bf08d05d39f1ff6"
"md","api-testing-patterns","tea","tea/workflows/testarch/bmad-testarch-atdd/resources/knowledge/api-testing-patterns.md","3bd123dc827fc192c3c7d2d0d55320a17922fcc69c466c080bf08d05d39f1ff6"
"md","api-testing-patterns","tea","tea/workflows/testarch/bmad-testarch-automate/resources/knowledge/api-testing-patterns.md","3bd123dc827fc192c3c7d2d0d55320a17922fcc69c466c080bf08d05d39f1ff6"
"md","api-testing-patterns","tea","tea/workflows/testarch/bmad-testarch-ci/resources/knowledge/api-testing-patterns.md","3bd123dc827fc192c3c7d2d0d55320a17922fcc69c466c080bf08d05d39f1ff6"
"md","api-testing-patterns","tea","tea/workflows/testarch/bmad-testarch-framework/resources/knowledge/api-testing-patterns.md","3bd123dc827fc192c3c7d2d0d55320a17922fcc69c466c080bf08d05d39f1ff6"
"md","api-testing-patterns","tea","tea/workflows/testarch/bmad-testarch-nfr/resources/knowledge/api-testing-patterns.md","3bd123dc827fc192c3c7d2d0d55320a17922fcc69c466c080bf08d05d39f1ff6"
"md","api-testing-patterns","tea","tea/workflows/testarch/bmad-testarch-test-design/resources/knowledge/api-testing-patterns.md","3bd123dc827fc192c3c7d2d0d55320a17922fcc69c466c080bf08d05d39f1ff6"
"md","api-testing-patterns","tea","tea/workflows/testarch/bmad-testarch-test-review/resources/knowledge/api-testing-patterns.md","3bd123dc827fc192c3c7d2d0d55320a17922fcc69c466c080bf08d05d39f1ff6"
"md","api-testing-patterns","tea","tea/workflows/testarch/bmad-testarch-trace/resources/knowledge/api-testing-patterns.md","3bd123dc827fc192c3c7d2d0d55320a17922fcc69c466c080bf08d05d39f1ff6"
"md","atdd-checklist-2-4-guest-checkout.example","tea","tea/workflows/testarch/bmad-testarch-atdd/resources/atdd-checklist-2-4-guest-checkout.example.md","b90424ec1622b8b3d4d9bf042e1b7306d49f7045986588af679f15aa537d36a2"
"md","atdd-checklist-template","tea","tea/workflows/testarch/bmad-testarch-atdd/atdd-checklist-template.md","40b63c98973ce138be81904d8dda12afe2ef9de83cda9ad1b71eec456bbbe781"
"md","auth-session","tea","tea/agents/bmad-tea/resources/knowledge/auth-session.md","b65957035e3214eced741962375af997c56589e939a42d836ac60990927f16c7"
"md","auth-session","tea","tea/workflows/testarch/bmad-testarch-atdd/resources/knowledge/auth-session.md","b65957035e3214eced741962375af997c56589e939a42d836ac60990927f16c7"
"md","auth-session","tea","tea/workflows/testarch/bmad-testarch-automate/resources/knowledge/auth-session.md","b65957035e3214eced741962375af997c56589e939a42d836ac60990927f16c7"
"md","auth-session","tea","tea/workflows/testarch/bmad-testarch-ci/resources/knowledge/auth-session.md","b65957035e3214eced741962375af997c56589e939a42d836ac60990927f16c7"
"md","auth-session","tea","tea/workflows/testarch/bmad-testarch-framework/resources/knowledge/auth-session.md","b65957035e3214eced741962375af997c56589e939a42d836ac60990927f16c7"
"md","auth-session","tea","tea/workflows/testarch/bmad-testarch-nfr/resources/knowledge/auth-session.md","b65957035e3214eced741962375af997c56589e939a42d836ac60990927f16c7"
"md","auth-session","tea","tea/workflows/testarch/bmad-testarch-test-design/resources/knowledge/auth-session.md","b65957035e3214eced741962375af997c56589e939a42d836ac60990927f16c7"
"md","auth-session","tea","tea/workflows/testarch/bmad-testarch-test-review/resources/knowledge/auth-session.md","b65957035e3214eced741962375af997c56589e939a42d836ac60990927f16c7"
"md","auth-session","tea","tea/workflows/testarch/bmad-testarch-trace/resources/knowledge/auth-session.md","b65957035e3214eced741962375af997c56589e939a42d836ac60990927f16c7"
"md","automation-summary.example","tea","tea/workflows/testarch/bmad-testarch-automate/resources/automation-summary.example.md","3ccb0f9e844e8a8c33006fcc15e11c0f2eaabcb052e75e0d11fd084d8808d78a"
"md","burn-in","tea","tea/agents/bmad-tea/resources/knowledge/burn-in.md","c355eca566d7f27d2a40beab0aeec9cf3ba9b80fd8198f775bdb83c54d9ce0d5"
"md","burn-in","tea","tea/workflows/testarch/bmad-testarch-atdd/resources/knowledge/burn-in.md","c355eca566d7f27d2a40beab0aeec9cf3ba9b80fd8198f775bdb83c54d9ce0d5"
"md","burn-in","tea","tea/workflows/testarch/bmad-testarch-automate/resources/knowledge/burn-in.md","c355eca566d7f27d2a40beab0aeec9cf3ba9b80fd8198f775bdb83c54d9ce0d5"
"md","burn-in","tea","tea/workflows/testarch/bmad-testarch-ci/resources/knowledge/burn-in.md","c355eca566d7f27d2a40beab0aeec9cf3ba9b80fd8198f775bdb83c54d9ce0d5"
"md","burn-in","tea","tea/workflows/testarch/bmad-testarch-framework/resources/knowledge/burn-in.md","c355eca566d7f27d2a40beab0aeec9cf3ba9b80fd8198f775bdb83c54d9ce0d5"
"md","burn-in","tea","tea/workflows/testarch/bmad-testarch-nfr/resources/knowledge/burn-in.md","c355eca566d7f27d2a40beab0aeec9cf3ba9b80fd8198f775bdb83c54d9ce0d5"
"md","burn-in","tea","tea/workflows/testarch/bmad-testarch-test-design/resources/knowledge/burn-in.md","c355eca566d7f27d2a40beab0aeec9cf3ba9b80fd8198f775bdb83c54d9ce0d5"
"md","burn-in","tea","tea/workflows/testarch/bmad-testarch-test-review/resources/knowledge/burn-in.md","c355eca566d7f27d2a40beab0aeec9cf3ba9b80fd8198f775bdb83c54d9ce0d5"
"md","burn-in","tea","tea/workflows/testarch/bmad-testarch-trace/resources/knowledge/burn-in.md","c355eca566d7f27d2a40beab0aeec9cf3ba9b80fd8198f775bdb83c54d9ce0d5"
"md","checklist","tea","tea/workflows/testarch/bmad-teach-me-testing/checklist.md","f54043aff1d6c31df098586c10ec2a328b9822e09f9046e329fdafc5ac101016"
"md","checklist","tea","tea/workflows/testarch/bmad-testarch-atdd/checklist.md","1d990a6b03255f3fd13410b8cbb8910d91bcadd0dc559ca77b15eed4bc782ec0"
"md","checklist","tea","tea/workflows/testarch/bmad-testarch-automate/checklist.md","2c84a738282b5126b2570a80d5c48b6451f33855f93fbadac17181a31e2ee2ee"
"md","checklist","tea","tea/workflows/testarch/bmad-testarch-ci/checklist.md","e0b04864e46012e7ffc5908cd95a929bbd1d4a3b63b6aef34b086af7a4bc7b1e"
"md","checklist","tea","tea/workflows/testarch/bmad-testarch-framework/checklist.md","b5837b7c6e522ac44cc60d04e5cec9c70425b395f0af84b394cecf4893d5bd5f"
"md","checklist","tea","tea/workflows/testarch/bmad-testarch-nfr/checklist.md","381a0b52b0f8ffcadce5976348dd9d70b892ef9b556c53e1c95e267f963197aa"
"md","checklist","tea","tea/workflows/testarch/bmad-testarch-test-design/checklist.md","b542f32e5b54006d55e54786bc0833515549ede2f5fff02d1f9a5c42a887a1af"
"md","checklist","tea","tea/workflows/testarch/bmad-testarch-test-review/checklist.md","c06574a7d9199193d4c3a180f0b0883773fb98cc5cfa33f40d8961217c73c9ef"
"md","checklist","tea","tea/workflows/testarch/bmad-testarch-trace/checklist.md","de13e460f7a9b58586541d18964a151e21a0849a2e78d2d7495bcd7776c9fc0d"
"md","ci-burn-in","tea","tea/agents/bmad-tea/resources/knowledge/ci-burn-in.md","4b16166d59e74d29a6a9f5a17f84245505d7d9ce47b17138c7a44d885b7eaa5c"
"md","ci-burn-in","tea","tea/workflows/testarch/bmad-testarch-atdd/resources/knowledge/ci-burn-in.md","4b16166d59e74d29a6a9f5a17f84245505d7d9ce47b17138c7a44d885b7eaa5c"
"md","ci-burn-in","tea","tea/workflows/testarch/bmad-testarch-automate/resources/knowledge/ci-burn-in.md","4b16166d59e74d29a6a9f5a17f84245505d7d9ce47b17138c7a44d885b7eaa5c"
"md","ci-burn-in","tea","tea/workflows/testarch/bmad-testarch-ci/resources/knowledge/ci-burn-in.md","4b16166d59e74d29a6a9f5a17f84245505d7d9ce47b17138c7a44d885b7eaa5c"
"md","ci-burn-in","tea","tea/workflows/testarch/bmad-testarch-framework/resources/knowledge/ci-burn-in.md","4b16166d59e74d29a6a9f5a17f84245505d7d9ce47b17138c7a44d885b7eaa5c"
"md","ci-burn-in","tea","tea/workflows/testarch/bmad-testarch-nfr/resources/knowledge/ci-burn-in.md","4b16166d59e74d29a6a9f5a17f84245505d7d9ce47b17138c7a44d885b7eaa5c"
"md","ci-burn-in","tea","tea/workflows/testarch/bmad-testarch-test-design/resources/knowledge/ci-burn-in.md","4b16166d59e74d29a6a9f5a17f84245505d7d9ce47b17138c7a44d885b7eaa5c"
"md","ci-burn-in","tea","tea/workflows/testarch/bmad-testarch-test-review/resources/knowledge/ci-burn-in.md","4b16166d59e74d29a6a9f5a17f84245505d7d9ce47b17138c7a44d885b7eaa5c"
"md","ci-burn-in","tea","tea/workflows/testarch/bmad-testarch-trace/resources/knowledge/ci-burn-in.md","4b16166d59e74d29a6a9f5a17f84245505d7d9ce47b17138c7a44d885b7eaa5c"
"md","ci-pipeline-progress.example","tea","tea/workflows/testarch/bmad-testarch-ci/resources/ci-pipeline-progress.example.md","1e8aa85946dbea523026baf7473d238a8081e857fed3c35a0e4e619db488d81e"
"md","completion-summary-template","tea","tea/workflows/testarch/bmad-teach-me-testing/templates/completion-summary-template.md","de580ccdeab379888c4c8debea8a64ce0ab1d467ac434179d70a81e8c2e13307"
"md","component-tdd","tea","tea/agents/bmad-tea/resources/knowledge/component-tdd.md","20762e7e52313c550b9a2151ad5df9656a6dfa67d970630f532f55292d49755c"
"md","component-tdd","tea","tea/workflows/testarch/bmad-testarch-atdd/resources/knowledge/component-tdd.md","20762e7e52313c550b9a2151ad5df9656a6dfa67d970630f532f55292d49755c"
"md","component-tdd","tea","tea/workflows/testarch/bmad-testarch-automate/resources/knowledge/component-tdd.md","20762e7e52313c550b9a2151ad5df9656a6dfa67d970630f532f55292d49755c"
"md","component-tdd","tea","tea/workflows/testarch/bmad-testarch-ci/resources/knowledge/component-tdd.md","20762e7e52313c550b9a2151ad5df9656a6dfa67d970630f532f55292d49755c"
"md","component-tdd","tea","tea/workflows/testarch/bmad-testarch-framework/resources/knowledge/component-tdd.md","20762e7e52313c550b9a2151ad5df9656a6dfa67d970630f532f55292d49755c"
"md","component-tdd","tea","tea/workflows/testarch/bmad-testarch-nfr/resources/knowledge/component-tdd.md","20762e7e52313c550b9a2151ad5df9656a6dfa67d970630f532f55292d49755c"
"md","component-tdd","tea","tea/workflows/testarch/bmad-testarch-test-design/resources/knowledge/component-tdd.md","20762e7e52313c550b9a2151ad5df9656a6dfa67d970630f532f55292d49755c"
"md","component-tdd","tea","tea/workflows/testarch/bmad-testarch-test-review/resources/knowledge/component-tdd.md","20762e7e52313c550b9a2151ad5df9656a6dfa67d970630f532f55292d49755c"
"md","component-tdd","tea","tea/workflows/testarch/bmad-testarch-trace/resources/knowledge/component-tdd.md","20762e7e52313c550b9a2151ad5df9656a6dfa67d970630f532f55292d49755c"
"md","confidence-gate","tea","tea/agents/bmad-tea/resources/knowledge/confidence-gate.md","95498e2a664df536eae7b93205b51ba15393e5ab9a223330c8dca397d3203889"
"md","confidence-gate","tea","tea/workflows/testarch/bmad-testarch-atdd/resources/knowledge/confidence-gate.md","95498e2a664df536eae7b93205b51ba15393e5ab9a223330c8dca397d3203889"
"md","confidence-gate","tea","tea/workflows/testarch/bmad-testarch-automate/resources/knowledge/confidence-gate.md","95498e2a664df536eae7b93205b51ba15393e5ab9a223330c8dca397d3203889"
"md","confidence-gate","tea","tea/workflows/testarch/bmad-testarch-ci/resources/knowledge/confidence-gate.md","95498e2a664df536eae7b93205b51ba15393e5ab9a223330c8dca397d3203889"
"md","confidence-gate","tea","tea/workflows/testarch/bmad-testarch-framework/resources/knowledge/confidence-gate.md","95498e2a664df536eae7b93205b51ba15393e5ab9a223330c8dca397d3203889"
"md","confidence-gate","tea","tea/workflows/testarch/bmad-testarch-nfr/resources/knowledge/confidence-gate.md","95498e2a664df536eae7b93205b51ba15393e5ab9a223330c8dca397d3203889"
"md","confidence-gate","tea","tea/workflows/testarch/bmad-testarch-test-design/resources/knowledge/confidence-gate.md","95498e2a664df536eae7b93205b51ba15393e5ab9a223330c8dca397d3203889"
"md","confidence-gate","tea","tea/workflows/testarch/bmad-testarch-test-review/resources/knowledge/confidence-gate.md","95498e2a664df536eae7b93205b51ba15393e5ab9a223330c8dca397d3203889"
"md","confidence-gate","tea","tea/workflows/testarch/bmad-testarch-trace/resources/knowledge/confidence-gate.md","95498e2a664df536eae7b93205b51ba15393e5ab9a223330c8dca397d3203889"
"md","contract-testing","tea","tea/agents/bmad-tea/resources/knowledge/contract-testing.md","7e8fb49330bb3c320491f458d3b3bad8d9da5c50733cb4246d65e59e22b01852"
"md","contract-testing","tea","tea/workflows/testarch/bmad-testarch-atdd/resources/knowledge/contract-testing.md","7e8fb49330bb3c320491f458d3b3bad8d9da5c50733cb4246d65e59e22b01852"
"md","contract-testing","tea","tea/workflows/testarch/bmad-testarch-automate/resources/knowledge/contract-testing.md","7e8fb49330bb3c320491f458d3b3bad8d9da5c50733cb4246d65e59e22b01852"
"md","contract-testing","tea","tea/workflows/testarch/bmad-testarch-ci/resources/knowledge/contract-testing.md","7e8fb49330bb3c320491f458d3b3bad8d9da5c50733cb4246d65e59e22b01852"
"md","contract-testing","tea","tea/workflows/testarch/bmad-testarch-framework/resources/knowledge/contract-testing.md","7e8fb49330bb3c320491f458d3b3bad8d9da5c50733cb4246d65e59e22b01852"
"md","contract-testing","tea","tea/workflows/testarch/bmad-testarch-nfr/resources/knowledge/contract-testing.md","7e8fb49330bb3c320491f458d3b3bad8d9da5c50733cb4246d65e59e22b01852"
"md","contract-testing","tea","tea/workflows/testarch/bmad-testarch-test-design/resources/knowledge/contract-testing.md","7e8fb49330bb3c320491f458d3b3bad8d9da5c50733cb4246d65e59e22b01852"
"md","contract-testing","tea","tea/workflows/testarch/bmad-testarch-test-review/resources/knowledge/contract-testing.md","7e8fb49330bb3c320491f458d3b3bad8d9da5c50733cb4246d65e59e22b01852"
"md","contract-testing","tea","tea/workflows/testarch/bmad-testarch-trace/resources/knowledge/contract-testing.md","7e8fb49330bb3c320491f458d3b3bad8d9da5c50733cb4246d65e59e22b01852"
"md","criteria-registry","tea","tea/workflows/testarch/bmad-testarch-test-review/steps-c/criteria-registry.md","61f897e87e189bf2dd58f54d8a00a07fe40b219f206656036e7547122beeb439"
"md","data-factories","tea","tea/agents/bmad-tea/resources/knowledge/data-factories.md","8b02e2d42aa86dfe31d95762afed64bcc5d096a3babbb2a729e790cbc0a9cebf"
"md","data-factories","tea","tea/workflows/testarch/bmad-testarch-atdd/resources/knowledge/data-factories.md","8b02e2d42aa86dfe31d95762afed64bcc5d096a3babbb2a729e790cbc0a9cebf"
"md","data-factories","tea","tea/workflows/testarch/bmad-testarch-automate/resources/knowledge/data-factories.md","8b02e2d42aa86dfe31d95762afed64bcc5d096a3babbb2a729e790cbc0a9cebf"
"md","data-factories","tea","tea/workflows/testarch/bmad-testarch-ci/resources/knowledge/data-factories.md","8b02e2d42aa86dfe31d95762afed64bcc5d096a3babbb2a729e790cbc0a9cebf"
"md","data-factories","tea","tea/workflows/testarch/bmad-testarch-framework/resources/knowledge/data-factories.md","8b02e2d42aa86dfe31d95762afed64bcc5d096a3babbb2a729e790cbc0a9cebf"
"md","data-factories","tea","tea/workflows/testarch/bmad-testarch-nfr/resources/knowledge/data-factories.md","8b02e2d42aa86dfe31d95762afed64bcc5d096a3babbb2a729e790cbc0a9cebf"
"md","data-factories","tea","tea/workflows/testarch/bmad-testarch-test-design/resources/knowledge/data-factories.md","8b02e2d42aa86dfe31d95762afed64bcc5d096a3babbb2a729e790cbc0a9cebf"
"md","data-factories","tea","tea/workflows/testarch/bmad-testarch-test-review/resources/knowledge/data-factories.md","8b02e2d42aa86dfe31d95762afed64bcc5d096a3babbb2a729e790cbc0a9cebf"
"md","data-factories","tea","tea/workflows/testarch/bmad-testarch-trace/resources/knowledge/data-factories.md","8b02e2d42aa86dfe31d95762afed64bcc5d096a3babbb2a729e790cbc0a9cebf"
"md","email-auth","tea","tea/agents/bmad-tea/resources/knowledge/email-auth.md","1265f30cdd7b85f164769abf4f6ea86b6abec3acd90653e646a9c9ee17176963"
"md","email-auth","tea","tea/workflows/testarch/bmad-testarch-atdd/resources/knowledge/email-auth.md","1265f30cdd7b85f164769abf4f6ea86b6abec3acd90653e646a9c9ee17176963"
"md","email-auth","tea","tea/workflows/testarch/bmad-testarch-automate/resources/knowledge/email-auth.md","1265f30cdd7b85f164769abf4f6ea86b6abec3acd90653e646a9c9ee17176963"
"md","email-auth","tea","tea/workflows/testarch/bmad-testarch-ci/resources/knowledge/email-auth.md","1265f30cdd7b85f164769abf4f6ea86b6abec3acd90653e646a9c9ee17176963"
"md","email-auth","tea","tea/workflows/testarch/bmad-testarch-framework/resources/knowledge/email-auth.md","1265f30cdd7b85f164769abf4f6ea86b6abec3acd90653e646a9c9ee17176963"
"md","email-auth","tea","tea/workflows/testarch/bmad-testarch-nfr/resources/knowledge/email-auth.md","1265f30cdd7b85f164769abf4f6ea86b6abec3acd90653e646a9c9ee17176963"
"md","email-auth","tea","tea/workflows/testarch/bmad-testarch-test-design/resources/knowledge/email-auth.md","1265f30cdd7b85f164769abf4f6ea86b6abec3acd90653e646a9c9ee17176963"
"md","email-auth","tea","tea/workflows/testarch/bmad-testarch-test-review/resources/knowledge/email-auth.md","1265f30cdd7b85f164769abf4f6ea86b6abec3acd90653e646a9c9ee17176963"
"md","email-auth","tea","tea/workflows/testarch/bmad-testarch-trace/resources/knowledge/email-auth.md","1265f30cdd7b85f164769abf4f6ea86b6abec3acd90653e646a9c9ee17176963"
"md","error-handling","tea","tea/agents/bmad-tea/resources/knowledge/error-handling.md","9122f09fed1f52a679cb513d5d3c7c93c66e9021ee58e99fd66692e50db28be4"
"md","error-handling","tea","tea/workflows/testarch/bmad-testarch-atdd/resources/knowledge/error-handling.md","9122f09fed1f52a679cb513d5d3c7c93c66e9021ee58e99fd66692e50db28be4"
"md","error-handling","tea","tea/workflows/testarch/bmad-testarch-automate/resources/knowledge/error-handling.md","9122f09fed1f52a679cb513d5d3c7c93c66e9021ee58e99fd66692e50db28be4"
"md","error-handling","tea","tea/workflows/testarch/bmad-testarch-ci/resources/knowledge/error-handling.md","9122f09fed1f52a679cb513d5d3c7c93c66e9021ee58e99fd66692e50db28be4"
"md","error-handling","tea","tea/workflows/testarch/bmad-testarch-framework/resources/knowledge/error-handling.md","9122f09fed1f52a679cb513d5d3c7c93c66e9021ee58e99fd66692e50db28be4"
"md","error-handling","tea","tea/workflows/testarch/bmad-testarch-nfr/resources/knowledge/error-handling.md","9122f09fed1f52a679cb513d5d3c7c93c66e9021ee58e99fd66692e50db28be4"
"md","error-handling","tea","tea/workflows/testarch/bmad-testarch-test-design/resources/knowledge/error-handling.md","9122f09fed1f52a679cb513d5d3c7c93c66e9021ee58e99fd66692e50db28be4"
"md","error-handling","tea","tea/workflows/testarch/bmad-testarch-test-review/resources/knowledge/error-handling.md","9122f09fed1f52a679cb513d5d3c7c93c66e9021ee58e99fd66692e50db28be4"
"md","error-handling","tea","tea/workflows/testarch/bmad-testarch-trace/resources/knowledge/error-handling.md","9122f09fed1f52a679cb513d5d3c7c93c66e9021ee58e99fd66692e50db28be4"
"md","evidence-integrity","tea","tea/agents/bmad-tea/resources/knowledge/evidence-integrity.md","28a286ca922058fcc24deb36ac1c52bba3c1e370d2816db8712d4e319de44c31"
"md","evidence-integrity","tea","tea/workflows/testarch/bmad-testarch-atdd/resources/knowledge/evidence-integrity.md","28a286ca922058fcc24deb36ac1c52bba3c1e370d2816db8712d4e319de44c31"
"md","evidence-integrity","tea","tea/workflows/testarch/bmad-testarch-automate/resources/knowledge/evidence-integrity.md","28a286ca922058fcc24deb36ac1c52bba3c1e370d2816db8712d4e319de44c31"
"md","evidence-integrity","tea","tea/workflows/testarch/bmad-testarch-ci/resources/knowledge/evidence-integrity.md","28a286ca922058fcc24deb36ac1c52bba3c1e370d2816db8712d4e319de44c31"
"md","evidence-integrity","tea","tea/workflows/testarch/bmad-testarch-framework/resources/knowledge/evidence-integrity.md","28a286ca922058fcc24deb36ac1c52bba3c1e370d2816db8712d4e319de44c31"
"md","evidence-integrity","tea","tea/workflows/testarch/bmad-testarch-nfr/resources/knowledge/evidence-integrity.md","28a286ca922058fcc24deb36ac1c52bba3c1e370d2816db8712d4e319de44c31"
"md","evidence-integrity","tea","tea/workflows/testarch/bmad-testarch-test-design/resources/knowledge/evidence-integrity.md","28a286ca922058fcc24deb36ac1c52bba3c1e370d2816db8712d4e319de44c31"
"md","evidence-integrity","tea","tea/workflows/testarch/bmad-testarch-test-review/resources/knowledge/evidence-integrity.md","28a286ca922058fcc24deb36ac1c52bba3c1e370d2816db8712d4e319de44c31"
"md","evidence-integrity","tea","tea/workflows/testarch/bmad-testarch-trace/resources/knowledge/evidence-integrity.md","28a286ca922058fcc24deb36ac1c52bba3c1e370d2816db8712d4e319de44c31"
"md","feature-flags","tea","tea/agents/bmad-tea/resources/knowledge/feature-flags.md","37286f0ab1ce44e6d6708cea3118be628e79ca7afdda9cb3084c3d86e07f2f6d"
"md","feature-flags","tea","tea/workflows/testarch/bmad-testarch-atdd/resources/knowledge/feature-flags.md","37286f0ab1ce44e6d6708cea3118be628e79ca7afdda9cb3084c3d86e07f2f6d"
"md","feature-flags","tea","tea/workflows/testarch/bmad-testarch-automate/resources/knowledge/feature-flags.md","37286f0ab1ce44e6d6708cea3118be628e79ca7afdda9cb3084c3d86e07f2f6d"
"md","feature-flags","tea","tea/workflows/testarch/bmad-testarch-ci/resources/knowledge/feature-flags.md","37286f0ab1ce44e6d6708cea3118be628e79ca7afdda9cb3084c3d86e07f2f6d"
"md","feature-flags","tea","tea/workflows/testarch/bmad-testarch-framework/resources/knowledge/feature-flags.md","37286f0ab1ce44e6d6708cea3118be628e79ca7afdda9cb3084c3d86e07f2f6d"
"md","feature-flags","tea","tea/workflows/testarch/bmad-testarch-nfr/resources/knowledge/feature-flags.md","37286f0ab1ce44e6d6708cea3118be628e79ca7afdda9cb3084c3d86e07f2f6d"
"md","feature-flags","tea","tea/workflows/testarch/bmad-testarch-test-design/resources/knowledge/feature-flags.md","37286f0ab1ce44e6d6708cea3118be628e79ca7afdda9cb3084c3d86e07f2f6d"
"md","feature-flags","tea","tea/workflows/testarch/bmad-testarch-test-review/resources/knowledge/feature-flags.md","37286f0ab1ce44e6d6708cea3118be628e79ca7afdda9cb3084c3d86e07f2f6d"
"md","feature-flags","tea","tea/workflows/testarch/bmad-testarch-trace/resources/knowledge/feature-flags.md","37286f0ab1ce44e6d6708cea3118be628e79ca7afdda9cb3084c3d86e07f2f6d"
"md","file-utils","tea","tea/agents/bmad-tea/resources/knowledge/file-utils.md","f348141dc7c2fd75712bdf0074ba292469dd54be20b786a893d21cd85a0f6f0e"
"md","file-utils","tea","tea/workflows/testarch/bmad-testarch-atdd/resources/knowledge/file-utils.md","f348141dc7c2fd75712bdf0074ba292469dd54be20b786a893d21cd85a0f6f0e"
"md","file-utils","tea","tea/workflows/testarch/bmad-testarch-automate/resources/knowledge/file-utils.md","f348141dc7c2fd75712bdf0074ba292469dd54be20b786a893d21cd85a0f6f0e"
"md","file-utils","tea","tea/workflows/testarch/bmad-testarch-ci/resources/knowledge/file-utils.md","f348141dc7c2fd75712bdf0074ba292469dd54be20b786a893d21cd85a0f6f0e"
"md","file-utils","tea","tea/workflows/testarch/bmad-testarch-framework/resources/knowledge/file-utils.md","f348141dc7c2fd75712bdf0074ba292469dd54be20b786a893d21cd85a0f6f0e"
"md","file-utils","tea","tea/workflows/testarch/bmad-testarch-nfr/resources/knowledge/file-utils.md","f348141dc7c2fd75712bdf0074ba292469dd54be20b786a893d21cd85a0f6f0e"
"md","file-utils","tea","tea/workflows/testarch/bmad-testarch-test-design/resources/knowledge/file-utils.md","f348141dc7c2fd75712bdf0074ba292469dd54be20b786a893d21cd85a0f6f0e"
"md","file-utils","tea","tea/workflows/testarch/bmad-testarch-test-review/resources/knowledge/file-utils.md","f348141dc7c2fd75712bdf0074ba292469dd54be20b786a893d21cd85a0f6f0e"
"md","file-utils","tea","tea/workflows/testarch/bmad-testarch-trace/resources/knowledge/file-utils.md","f348141dc7c2fd75712bdf0074ba292469dd54be20b786a893d21cd85a0f6f0e"
"md","fixture-architecture","tea","tea/agents/bmad-tea/resources/knowledge/fixture-architecture.md","636a022ba08faad496c24fdbef2ddff9081a03b608fa6eadd4301e5ebbb1cd0c"
"md","fixture-architecture","tea","tea/workflows/testarch/bmad-testarch-atdd/resources/knowledge/fixture-architecture.md","636a022ba08faad496c24fdbef2ddff9081a03b608fa6eadd4301e5ebbb1cd0c"
"md","fixture-architecture","tea","tea/workflows/testarch/bmad-testarch-automate/resources/knowledge/fixture-architecture.md","636a022ba08faad496c24fdbef2ddff9081a03b608fa6eadd4301e5ebbb1cd0c"
"md","fixture-architecture","tea","tea/workflows/testarch/bmad-testarch-ci/resources/knowledge/fixture-architecture.md","636a022ba08faad496c24fdbef2ddff9081a03b608fa6eadd4301e5ebbb1cd0c"
"md","fixture-architecture","tea","tea/workflows/testarch/bmad-testarch-framework/resources/knowledge/fixture-architecture.md","636a022ba08faad496c24fdbef2ddff9081a03b608fa6eadd4301e5ebbb1cd0c"
"md","fixture-architecture","tea","tea/workflows/testarch/bmad-testarch-nfr/resources/knowledge/fixture-architecture.md","636a022ba08faad496c24fdbef2ddff9081a03b608fa6eadd4301e5ebbb1cd0c"
"md","fixture-architecture","tea","tea/workflows/testarch/bmad-testarch-test-design/resources/knowledge/fixture-architecture.md","636a022ba08faad496c24fdbef2ddff9081a03b608fa6eadd4301e5ebbb1cd0c"
"md","fixture-architecture","tea","tea/workflows/testarch/bmad-testarch-test-review/resources/knowledge/fixture-architecture.md","636a022ba08faad496c24fdbef2ddff9081a03b608fa6eadd4301e5ebbb1cd0c"
"md","fixture-architecture","tea","tea/workflows/testarch/bmad-testarch-trace/resources/knowledge/fixture-architecture.md","636a022ba08faad496c24fdbef2ddff9081a03b608fa6eadd4301e5ebbb1cd0c"
"md","fixtures-composition","tea","tea/agents/bmad-tea/resources/knowledge/fixtures-composition.md","f27a8e0d6108b18a71ec61241df3495b4f3567a52c0abc0c20b90d49a0e40ffc"
"md","fixtures-composition","tea","tea/workflows/testarch/bmad-testarch-atdd/resources/knowledge/fixtures-composition.md","f27a8e0d6108b18a71ec61241df3495b4f3567a52c0abc0c20b90d49a0e40ffc"
"md","fixtures-composition","tea","tea/workflows/testarch/bmad-testarch-automate/resources/knowledge/fixtures-composition.md","f27a8e0d6108b18a71ec61241df3495b4f3567a52c0abc0c20b90d49a0e40ffc"
"md","fixtures-composition","tea","tea/workflows/testarch/bmad-testarch-ci/resources/knowledge/fixtures-composition.md","f27a8e0d6108b18a71ec61241df3495b4f3567a52c0abc0c20b90d49a0e40ffc"
"md","fixtures-composition","tea","tea/workflows/testarch/bmad-testarch-framework/resources/knowledge/fixtures-composition.md","f27a8e0d6108b18a71ec61241df3495b4f3567a52c0abc0c20b90d49a0e40ffc"
"md","fixtures-composition","tea","tea/workflows/testarch/bmad-testarch-nfr/resources/knowledge/fixtures-composition.md","f27a8e0d6108b18a71ec61241df3495b4f3567a52c0abc0c20b90d49a0e40ffc"
"md","fixtures-composition","tea","tea/workflows/testarch/bmad-testarch-test-design/resources/knowledge/fixtures-composition.md","f27a8e0d6108b18a71ec61241df3495b4f3567a52c0abc0c20b90d49a0e40ffc"
"md","fixtures-composition","tea","tea/workflows/testarch/bmad-testarch-test-review/resources/knowledge/fixtures-composition.md","f27a8e0d6108b18a71ec61241df3495b4f3567a52c0abc0c20b90d49a0e40ffc"
"md","fixtures-composition","tea","tea/workflows/testarch/bmad-testarch-trace/resources/knowledge/fixtures-composition.md","f27a8e0d6108b18a71ec61241df3495b4f3567a52c0abc0c20b90d49a0e40ffc"
"md","framework-setup-progress.example","tea","tea/workflows/testarch/bmad-testarch-framework/resources/framework-setup-progress.example.md","87e507fc5c640960ecc648d5712cd17bd1ebf3bdc724874a5170448f80d05457"
"md","instructions","tea","tea/workflows/testarch/bmad-teach-me-testing/instructions.md","bbf8ebf1d5af284a8def0b98d338d14639720f40cc45ff778e02d53ef3ba5c4e"
"md","instructions","tea","tea/workflows/testarch/bmad-testarch-atdd/instructions.md","c8b670e0cec15af3991fa253099a3f34d37b3d97a30b6ab7518268a2967d6c6c"
"md","instructions","tea","tea/workflows/testarch/bmad-testarch-automate/instructions.md","efb5e23367aaf7802542bc28ea538bebc2041f3a5a1a122298414e941682957f"
"md","instructions","tea","tea/workflows/testarch/bmad-testarch-ci/instructions.md","11ad5afa912f011190c536b732e51bb36aab4dc6b630afdac2385af896af19ed"
"md","instructions","tea","tea/workflows/testarch/bmad-testarch-framework/instructions.md","7dd8eba3b29fe76af8433ac7a125a6f1da4ddb9dae06f8acd5d145843d94780b"
"md","instructions","tea","tea/workflows/testarch/bmad-testarch-nfr/instructions.md","b05d244b52c7def0314fc5519c02ed1620abddc0de5bb1b9b15c03497c7fb67b"
"md","instructions","tea","tea/workflows/testarch/bmad-testarch-test-design/instructions.md","259927fcc6b37e57c935668534779d7a9a27f4b532e0719557b22de46801923d"
"md","instructions","tea","tea/workflows/testarch/bmad-testarch-test-review/instructions.md","a09e2e7a956d9213255adbf24c6b82f45f44997d146f97c79c4626f32194127a"
"md","instructions","tea","tea/workflows/testarch/bmad-testarch-trace/instructions.md","b60eb7867ef6c55e2660e74dad09a1d86e8cd7e4a7fa880b149d38b92891bdb7"
"md","intercept-network-call","tea","tea/agents/bmad-tea/resources/knowledge/intercept-network-call.md","47c84d6091054f576a190b01b985ed5914880cd6a9c728458a3812c67185f268"
"md","intercept-network-call","tea","tea/workflows/testarch/bmad-testarch-atdd/resources/knowledge/intercept-network-call.md","47c84d6091054f576a190b01b985ed5914880cd6a9c728458a3812c67185f268"
"md","intercept-network-call","tea","tea/workflows/testarch/bmad-testarch-automate/resources/knowledge/intercept-network-call.md","47c84d6091054f576a190b01b985ed5914880cd6a9c728458a3812c67185f268"
"md","intercept-network-call","tea","tea/workflows/testarch/bmad-testarch-ci/resources/knowledge/intercept-network-call.md","47c84d6091054f576a190b01b985ed5914880cd6a9c728458a3812c67185f268"
"md","intercept-network-call","tea","tea/workflows/testarch/bmad-testarch-framework/resources/knowledge/intercept-network-call.md","47c84d6091054f576a190b01b985ed5914880cd6a9c728458a3812c67185f268"
"md","intercept-network-call","tea","tea/workflows/testarch/bmad-testarch-nfr/resources/knowledge/intercept-network-call.md","47c84d6091054f576a190b01b985ed5914880cd6a9c728458a3812c67185f268"
"md","intercept-network-call","tea","tea/workflows/testarch/bmad-testarch-test-design/resources/knowledge/intercept-network-call.md","47c84d6091054f576a190b01b985ed5914880cd6a9c728458a3812c67185f268"
"md","intercept-network-call","tea","tea/workflows/testarch/bmad-testarch-test-review/resources/knowledge/intercept-network-call.md","47c84d6091054f576a190b01b985ed5914880cd6a9c728458a3812c67185f268"
"md","intercept-network-call","tea","tea/workflows/testarch/bmad-testarch-trace/resources/knowledge/intercept-network-call.md","47c84d6091054f576a190b01b985ed5914880cd6a9c728458a3812c67185f268"
"md","library-integration-mandate","tea","tea/agents/bmad-tea/resources/knowledge/library-integration-mandate.md","8405d96c10d848dd2b685e7ed09dd37a7dc67001eacecf0fa040f58d0b14e9c7"
"md","library-integration-mandate","tea","tea/workflows/testarch/bmad-testarch-atdd/resources/knowledge/library-integration-mandate.md","8405d96c10d848dd2b685e7ed09dd37a7dc67001eacecf0fa040f58d0b14e9c7"
"md","library-integration-mandate","tea","tea/workflows/testarch/bmad-testarch-automate/resources/knowledge/library-integration-mandate.md","8405d96c10d848dd2b685e7ed09dd37a7dc67001eacecf0fa040f58d0b14e9c7"
"md","library-integration-mandate","tea","tea/workflows/testarch/bmad-testarch-ci/resources/knowledge/library-integration-mandate.md","8405d96c10d848dd2b685e7ed09dd37a7dc67001eacecf0fa040f58d0b14e9c7"
"md","library-integration-mandate","tea","tea/workflows/testarch/bmad-testarch-framework/resources/knowledge/library-integration-mandate.md","8405d96c10d848dd2b685e7ed09dd37a7dc67001eacecf0fa040f58d0b14e9c7"
"md","library-integration-mandate","tea","tea/workflows/testarch/bmad-testarch-nfr/resources/knowledge/library-integration-mandate.md","8405d96c10d848dd2b685e7ed09dd37a7dc67001eacecf0fa040f58d0b14e9c7"
"md","library-integration-mandate","tea","tea/workflows/testarch/bmad-testarch-test-design/resources/knowledge/library-integration-mandate.md","8405d96c10d848dd2b685e7ed09dd37a7dc67001eacecf0fa040f58d0b14e9c7"
"md","library-integration-mandate","tea","tea/workflows/testarch/bmad-testarch-test-review/resources/knowledge/library-integration-mandate.md","8405d96c10d848dd2b685e7ed09dd37a7dc67001eacecf0fa040f58d0b14e9c7"
"md","library-integration-mandate","tea","tea/workflows/testarch/bmad-testarch-trace/resources/knowledge/library-integration-mandate.md","8405d96c10d848dd2b685e7ed09dd37a7dc67001eacecf0fa040f58d0b14e9c7"
"md","log","tea","tea/agents/bmad-tea/resources/knowledge/log.md","1d46b7eaf8045175d2c02643dee0aa3c3f9086bfe1476cdb8fab8d21e18c3f03"
"md","log","tea","tea/workflows/testarch/bmad-testarch-atdd/resources/knowledge/log.md","1d46b7eaf8045175d2c02643dee0aa3c3f9086bfe1476cdb8fab8d21e18c3f03"
"md","log","tea","tea/workflows/testarch/bmad-testarch-automate/resources/knowledge/log.md","1d46b7eaf8045175d2c02643dee0aa3c3f9086bfe1476cdb8fab8d21e18c3f03"
"md","log","tea","tea/workflows/testarch/bmad-testarch-ci/resources/knowledge/log.md","1d46b7eaf8045175d2c02643dee0aa3c3f9086bfe1476cdb8fab8d21e18c3f03"
"md","log","tea","tea/workflows/testarch/bmad-testarch-framework/resources/knowledge/log.md","1d46b7eaf8045175d2c02643dee0aa3c3f9086bfe1476cdb8fab8d21e18c3f03"
"md","log","tea","tea/workflows/testarch/bmad-testarch-nfr/resources/knowledge/log.md","1d46b7eaf8045175d2c02643dee0aa3c3f9086bfe1476cdb8fab8d21e18c3f03"
"md","log","tea","tea/workflows/testarch/bmad-testarch-test-design/resources/knowledge/log.md","1d46b7eaf8045175d2c02643dee0aa3c3f9086bfe1476cdb8fab8d21e18c3f03"
"md","log","tea","tea/workflows/testarch/bmad-testarch-test-review/resources/knowledge/log.md","1d46b7eaf8045175d2c02643dee0aa3c3f9086bfe1476cdb8fab8d21e18c3f03"
"md","log","tea","tea/workflows/testarch/bmad-testarch-trace/resources/knowledge/log.md","1d46b7eaf8045175d2c02643dee0aa3c3f9086bfe1476cdb8fab8d21e18c3f03"
"md","maestro-flows","tea","tea/agents/bmad-tea/resources/knowledge/maestro-flows.md","9a5c3a033a2b271bceb2441f9e08475079f2770f6653832cbf7844df01323142"
"md","maestro-flows","tea","tea/workflows/testarch/bmad-testarch-atdd/resources/knowledge/maestro-flows.md","9a5c3a033a2b271bceb2441f9e08475079f2770f6653832cbf7844df01323142"
"md","maestro-flows","tea","tea/workflows/testarch/bmad-testarch-automate/resources/knowledge/maestro-flows.md","9a5c3a033a2b271bceb2441f9e08475079f2770f6653832cbf7844df01323142"
"md","maestro-flows","tea","tea/workflows/testarch/bmad-testarch-ci/resources/knowledge/maestro-flows.md","9a5c3a033a2b271bceb2441f9e08475079f2770f6653832cbf7844df01323142"
"md","maestro-flows","tea","tea/workflows/testarch/bmad-testarch-framework/resources/knowledge/maestro-flows.md","9a5c3a033a2b271bceb2441f9e08475079f2770f6653832cbf7844df01323142"
"md","maestro-flows","tea","tea/workflows/testarch/bmad-testarch-nfr/resources/knowledge/maestro-flows.md","9a5c3a033a2b271bceb2441f9e08475079f2770f6653832cbf7844df01323142"
"md","maestro-flows","tea","tea/workflows/testarch/bmad-testarch-test-design/resources/knowledge/maestro-flows.md","9a5c3a033a2b271bceb2441f9e08475079f2770f6653832cbf7844df01323142"
"md","maestro-flows","tea","tea/workflows/testarch/bmad-testarch-test-review/resources/knowledge/maestro-flows.md","9a5c3a033a2b271bceb2441f9e08475079f2770f6653832cbf7844df01323142"
"md","maestro-flows","tea","tea/workflows/testarch/bmad-testarch-trace/resources/knowledge/maestro-flows.md","9a5c3a033a2b271bceb2441f9e08475079f2770f6653832cbf7844df01323142"
"md","mobile-ci-device-lab","tea","tea/agents/bmad-tea/resources/knowledge/mobile-ci-device-lab.md","8bc844ad8f78e8e664afed80ec6177b2dcdfaaa1ac30aaebfdcbc8e416e27560"
"md","mobile-ci-device-lab","tea","tea/workflows/testarch/bmad-testarch-atdd/resources/knowledge/mobile-ci-device-lab.md","8bc844ad8f78e8e664afed80ec6177b2dcdfaaa1ac30aaebfdcbc8e416e27560"
"md","mobile-ci-device-lab","tea","tea/workflows/testarch/bmad-testarch-automate/resources/knowledge/mobile-ci-device-lab.md","8bc844ad8f78e8e664afed80ec6177b2dcdfaaa1ac30aaebfdcbc8e416e27560"
"md","mobile-ci-device-lab","tea","tea/workflows/testarch/bmad-testarch-ci/resources/knowledge/mobile-ci-device-lab.md","8bc844ad8f78e8e664afed80ec6177b2dcdfaaa1ac30aaebfdcbc8e416e27560"
"md","mobile-ci-device-lab","tea","tea/workflows/testarch/bmad-testarch-framework/resources/knowledge/mobile-ci-device-lab.md","8bc844ad8f78e8e664afed80ec6177b2dcdfaaa1ac30aaebfdcbc8e416e27560"
"md","mobile-ci-device-lab","tea","tea/workflows/testarch/bmad-testarch-nfr/resources/knowledge/mobile-ci-device-lab.md","8bc844ad8f78e8e664afed80ec6177b2dcdfaaa1ac30aaebfdcbc8e416e27560"
"md","mobile-ci-device-lab","tea","tea/workflows/testarch/bmad-testarch-test-design/resources/knowledge/mobile-ci-device-lab.md","8bc844ad8f78e8e664afed80ec6177b2dcdfaaa1ac30aaebfdcbc8e416e27560"
"md","mobile-ci-device-lab","tea","tea/workflows/testarch/bmad-testarch-test-review/resources/knowledge/mobile-ci-device-lab.md","8bc844ad8f78e8e664afed80ec6177b2dcdfaaa1ac30aaebfdcbc8e416e27560"
"md","mobile-ci-device-lab","tea","tea/workflows/testarch/bmad-testarch-trace/resources/knowledge/mobile-ci-device-lab.md","8bc844ad8f78e8e664afed80ec6177b2dcdfaaa1ac30aaebfdcbc8e416e27560"
"md","mobile-test-strategy","tea","tea/agents/bmad-tea/resources/knowledge/mobile-test-strategy.md","a8ced9b7dfe19cdb7e95eba0c577020f5a216ad93303cbaecea450c4f0d778f8"
"md","mobile-test-strategy","tea","tea/workflows/testarch/bmad-testarch-atdd/resources/knowledge/mobile-test-strategy.md","a8ced9b7dfe19cdb7e95eba0c577020f5a216ad93303cbaecea450c4f0d778f8"
"md","mobile-test-strategy","tea","tea/workflows/testarch/bmad-testarch-automate/resources/knowledge/mobile-test-strategy.md","a8ced9b7dfe19cdb7e95eba0c577020f5a216ad93303cbaecea450c4f0d778f8"
"md","mobile-test-strategy","tea","tea/workflows/testarch/bmad-testarch-ci/resources/knowledge/mobile-test-strategy.md","a8ced9b7dfe19cdb7e95eba0c577020f5a216ad93303cbaecea450c4f0d778f8"
"md","mobile-test-strategy","tea","tea/workflows/testarch/bmad-testarch-framework/resources/knowledge/mobile-test-strategy.md","a8ced9b7dfe19cdb7e95eba0c577020f5a216ad93303cbaecea450c4f0d778f8"
"md","mobile-test-strategy","tea","tea/workflows/testarch/bmad-testarch-nfr/resources/knowledge/mobile-test-strategy.md","a8ced9b7dfe19cdb7e95eba0c577020f5a216ad93303cbaecea450c4f0d778f8"
"md","mobile-test-strategy","tea","tea/workflows/testarch/bmad-testarch-test-design/resources/knowledge/mobile-test-strategy.md","a8ced9b7dfe19cdb7e95eba0c577020f5a216ad93303cbaecea450c4f0d778f8"
"md","mobile-test-strategy","tea","tea/workflows/testarch/bmad-testarch-test-review/resources/knowledge/mobile-test-strategy.md","a8ced9b7dfe19cdb7e95eba0c577020f5a216ad93303cbaecea450c4f0d778f8"
"md","mobile-test-strategy","tea","tea/workflows/testarch/bmad-testarch-trace/resources/knowledge/mobile-test-strategy.md","a8ced9b7dfe19cdb7e95eba0c577020f5a216ad93303cbaecea450c4f0d778f8"
"md","network-error-monitor","tea","tea/agents/bmad-tea/resources/knowledge/network-error-monitor.md","c8dbe87e48a309a3a16cfc2a4a853d5eb9fab8598e4824db158668d7915fa6b3"
"md","network-error-monitor","tea","tea/workflows/testarch/bmad-testarch-atdd/resources/knowledge/network-error-monitor.md","c8dbe87e48a309a3a16cfc2a4a853d5eb9fab8598e4824db158668d7915fa6b3"
"md","network-error-monitor","tea","tea/workflows/testarch/bmad-testarch-automate/resources/knowledge/network-error-monitor.md","c8dbe87e48a309a3a16cfc2a4a853d5eb9fab8598e4824db158668d7915fa6b3"
"md","network-error-monitor","tea","tea/workflows/testarch/bmad-testarch-ci/resources/knowledge/network-error-monitor.md","c8dbe87e48a309a3a16cfc2a4a853d5eb9fab8598e4824db158668d7915fa6b3"
"md","network-error-monitor","tea","tea/workflows/testarch/bmad-testarch-framework/resources/knowledge/network-error-monitor.md","c8dbe87e48a309a3a16cfc2a4a853d5eb9fab8598e4824db158668d7915fa6b3"
"md","network-error-monitor","tea","tea/workflows/testarch/bmad-testarch-nfr/resources/knowledge/network-error-monitor.md","c8dbe87e48a309a3a16cfc2a4a853d5eb9fab8598e4824db158668d7915fa6b3"
"md","network-error-monitor","tea","tea/workflows/testarch/bmad-testarch-test-design/resources/knowledge/network-error-monitor.md","c8dbe87e48a309a3a16cfc2a4a853d5eb9fab8598e4824db158668d7915fa6b3"
"md","network-error-monitor","tea","tea/workflows/testarch/bmad-testarch-test-review/resources/knowledge/network-error-monitor.md","c8dbe87e48a309a3a16cfc2a4a853d5eb9fab8598e4824db158668d7915fa6b3"
"md","network-error-monitor","tea","tea/workflows/testarch/bmad-testarch-trace/resources/knowledge/network-error-monitor.md","c8dbe87e48a309a3a16cfc2a4a853d5eb9fab8598e4824db158668d7915fa6b3"
"md","network-first","tea","tea/agents/bmad-tea/resources/knowledge/network-first.md","257fe61ec77020d024f7ddf4f6c5c965f6c4632a469d942278c7337abc8621b7"
"md","network-first","tea","tea/workflows/testarch/bmad-testarch-atdd/resources/knowledge/network-first.md","257fe61ec77020d024f7ddf4f6c5c965f6c4632a469d942278c7337abc8621b7"
"md","network-first","tea","tea/workflows/testarch/bmad-testarch-automate/resources/knowledge/network-first.md","257fe61ec77020d024f7ddf4f6c5c965f6c4632a469d942278c7337abc8621b7"
"md","network-first","tea","tea/workflows/testarch/bmad-testarch-ci/resources/knowledge/network-first.md","257fe61ec77020d024f7ddf4f6c5c965f6c4632a469d942278c7337abc8621b7"
"md","network-first","tea","tea/workflows/testarch/bmad-testarch-framework/resources/knowledge/network-first.md","257fe61ec77020d024f7ddf4f6c5c965f6c4632a469d942278c7337abc8621b7"
"md","network-first","tea","tea/workflows/testarch/bmad-testarch-nfr/resources/knowledge/network-first.md","257fe61ec77020d024f7ddf4f6c5c965f6c4632a469d942278c7337abc8621b7"
"md","network-first","tea","tea/workflows/testarch/bmad-testarch-test-design/resources/knowledge/network-first.md","257fe61ec77020d024f7ddf4f6c5c965f6c4632a469d942278c7337abc8621b7"
"md","network-first","tea","tea/workflows/testarch/bmad-testarch-test-review/resources/knowledge/network-first.md","257fe61ec77020d024f7ddf4f6c5c965f6c4632a469d942278c7337abc8621b7"
"md","network-first","tea","tea/workflows/testarch/bmad-testarch-trace/resources/knowledge/network-first.md","257fe61ec77020d024f7ddf4f6c5c965f6c4632a469d942278c7337abc8621b7"
"md","network-recorder","tea","tea/agents/bmad-tea/resources/knowledge/network-recorder.md","d0ae003638655c8f26a36bbccc06bf362302116979ea88c1c15e89753714c059"
"md","network-recorder","tea","tea/workflows/testarch/bmad-testarch-atdd/resources/knowledge/network-recorder.md","d0ae003638655c8f26a36bbccc06bf362302116979ea88c1c15e89753714c059"
"md","network-recorder","tea","tea/workflows/testarch/bmad-testarch-automate/resources/knowledge/network-recorder.md","d0ae003638655c8f26a36bbccc06bf362302116979ea88c1c15e89753714c059"
"md","network-recorder","tea","tea/workflows/testarch/bmad-testarch-ci/resources/knowledge/network-recorder.md","d0ae003638655c8f26a36bbccc06bf362302116979ea88c1c15e89753714c059"
"md","network-recorder","tea","tea/workflows/testarch/bmad-testarch-framework/resources/knowledge/network-recorder.md","d0ae003638655c8f26a36bbccc06bf362302116979ea88c1c15e89753714c059"
"md","network-recorder","tea","tea/workflows/testarch/bmad-testarch-nfr/resources/knowledge/network-recorder.md","d0ae003638655c8f26a36bbccc06bf362302116979ea88c1c15e89753714c059"
"md","network-recorder","tea","tea/workflows/testarch/bmad-testarch-test-design/resources/knowledge/network-recorder.md","d0ae003638655c8f26a36bbccc06bf362302116979ea88c1c15e89753714c059"
"md","network-recorder","tea","tea/workflows/testarch/bmad-testarch-test-review/resources/knowledge/network-recorder.md","d0ae003638655c8f26a36bbccc06bf362302116979ea88c1c15e89753714c059"
"md","network-recorder","tea","tea/workflows/testarch/bmad-testarch-trace/resources/knowledge/network-recorder.md","d0ae003638655c8f26a36bbccc06bf362302116979ea88c1c15e89753714c059"
"md","nfr-assessment.example","tea","tea/workflows/testarch/bmad-testarch-nfr/resources/nfr-assessment.example.md","3f3d558ee2bcd773a487ece06b24e425600ff2eaa8f8c6bb0efd35bdc559c4ce"
"md","nfr-criteria","tea","tea/agents/bmad-tea/resources/knowledge/nfr-criteria.md","5d5f9acfeb6a98f2ef7ee8707bbac3ab37d9c191c443c1e944dee70cf3f9963a"
"md","nfr-criteria","tea","tea/workflows/testarch/bmad-testarch-atdd/resources/knowledge/nfr-criteria.md","5d5f9acfeb6a98f2ef7ee8707bbac3ab37d9c191c443c1e944dee70cf3f9963a"
"md","nfr-criteria","tea","tea/workflows/testarch/bmad-testarch-automate/resources/knowledge/nfr-criteria.md","5d5f9acfeb6a98f2ef7ee8707bbac3ab37d9c191c443c1e944dee70cf3f9963a"
"md","nfr-criteria","tea","tea/workflows/testarch/bmad-testarch-ci/resources/knowledge/nfr-criteria.md","5d5f9acfeb6a98f2ef7ee8707bbac3ab37d9c191c443c1e944dee70cf3f9963a"
"md","nfr-criteria","tea","tea/workflows/testarch/bmad-testarch-framework/resources/knowledge/nfr-criteria.md","5d5f9acfeb6a98f2ef7ee8707bbac3ab37d9c191c443c1e944dee70cf3f9963a"
"md","nfr-criteria","tea","tea/workflows/testarch/bmad-testarch-nfr/resources/knowledge/nfr-criteria.md","5d5f9acfeb6a98f2ef7ee8707bbac3ab37d9c191c443c1e944dee70cf3f9963a"
"md","nfr-criteria","tea","tea/workflows/testarch/bmad-testarch-test-design/resources/knowledge/nfr-criteria.md","5d5f9acfeb6a98f2ef7ee8707bbac3ab37d9c191c443c1e944dee70cf3f9963a"
"md","nfr-criteria","tea","tea/workflows/testarch/bmad-testarch-test-review/resources/knowledge/nfr-criteria.md","5d5f9acfeb6a98f2ef7ee8707bbac3ab37d9c191c443c1e944dee70cf3f9963a"
"md","nfr-criteria","tea","tea/workflows/testarch/bmad-testarch-trace/resources/knowledge/nfr-criteria.md","5d5f9acfeb6a98f2ef7ee8707bbac3ab37d9c191c443c1e944dee70cf3f9963a"
"md","nfr-report-template","tea","tea/workflows/testarch/bmad-testarch-nfr/nfr-report-template.md","1d4f47e87330ba784f293ff963542e6945c720c448f12ff926f9bf7801aa8786"
"md","nfr-status-definitions","tea","tea/workflows/testarch/bmad-testarch-nfr/steps-c/nfr-status-definitions.md","027b28deaa4a85a1da7b27d26e66651b38df5d74f75244d02cd4ac218054293e"
"md","overview","tea","tea/agents/bmad-tea/resources/knowledge/overview.md","8eb81c171e5d34bb2d9d6fe2bdf8f564315d2f417f138f11fd1a6f9855262e61"
"md","overview","tea","tea/workflows/testarch/bmad-testarch-atdd/resources/knowledge/overview.md","8eb81c171e5d34bb2d9d6fe2bdf8f564315d2f417f138f11fd1a6f9855262e61"
"md","overview","tea","tea/workflows/testarch/bmad-testarch-automate/resources/knowledge/overview.md","8eb81c171e5d34bb2d9d6fe2bdf8f564315d2f417f138f11fd1a6f9855262e61"
"md","overview","tea","tea/workflows/testarch/bmad-testarch-ci/resources/knowledge/overview.md","8eb81c171e5d34bb2d9d6fe2bdf8f564315d2f417f138f11fd1a6f9855262e61"
"md","overview","tea","tea/workflows/testarch/bmad-testarch-framework/resources/knowledge/overview.md","8eb81c171e5d34bb2d9d6fe2bdf8f564315d2f417f138f11fd1a6f9855262e61"
"md","overview","tea","tea/workflows/testarch/bmad-testarch-nfr/resources/knowledge/overview.md","8eb81c171e5d34bb2d9d6fe2bdf8f564315d2f417f138f11fd1a6f9855262e61"
"md","overview","tea","tea/workflows/testarch/bmad-testarch-test-design/resources/knowledge/overview.md","8eb81c171e5d34bb2d9d6fe2bdf8f564315d2f417f138f11fd1a6f9855262e61"
"md","overview","tea","tea/workflows/testarch/bmad-testarch-test-review/resources/knowledge/overview.md","8eb81c171e5d34bb2d9d6fe2bdf8f564315d2f417f138f11fd1a6f9855262e61"
"md","overview","tea","tea/workflows/testarch/bmad-testarch-trace/resources/knowledge/overview.md","8eb81c171e5d34bb2d9d6fe2bdf8f564315d2f417f138f11fd1a6f9855262e61"
"md","pact-broker-webhooks","tea","tea/agents/bmad-tea/resources/knowledge/pact-broker-webhooks.md","54ae09ea99d1a1ad8e5be2c7e217c5680ab65590f62ed44586a7b62b26bce9aa"
"md","pact-broker-webhooks","tea","tea/workflows/testarch/bmad-testarch-atdd/resources/knowledge/pact-broker-webhooks.md","54ae09ea99d1a1ad8e5be2c7e217c5680ab65590f62ed44586a7b62b26bce9aa"
"md","pact-broker-webhooks","tea","tea/workflows/testarch/bmad-testarch-automate/resources/knowledge/pact-broker-webhooks.md","54ae09ea99d1a1ad8e5be2c7e217c5680ab65590f62ed44586a7b62b26bce9aa"
"md","pact-broker-webhooks","tea","tea/workflows/testarch/bmad-testarch-ci/resources/knowledge/pact-broker-webhooks.md","54ae09ea99d1a1ad8e5be2c7e217c5680ab65590f62ed44586a7b62b26bce9aa"
"md","pact-broker-webhooks","tea","tea/workflows/testarch/bmad-testarch-framework/resources/knowledge/pact-broker-webhooks.md","54ae09ea99d1a1ad8e5be2c7e217c5680ab65590f62ed44586a7b62b26bce9aa"
"md","pact-broker-webhooks","tea","tea/workflows/testarch/bmad-testarch-nfr/resources/knowledge/pact-broker-webhooks.md","54ae09ea99d1a1ad8e5be2c7e217c5680ab65590f62ed44586a7b62b26bce9aa"
"md","pact-broker-webhooks","tea","tea/workflows/testarch/bmad-testarch-test-design/resources/knowledge/pact-broker-webhooks.md","54ae09ea99d1a1ad8e5be2c7e217c5680ab65590f62ed44586a7b62b26bce9aa"
"md","pact-broker-webhooks","tea","tea/workflows/testarch/bmad-testarch-test-review/resources/knowledge/pact-broker-webhooks.md","54ae09ea99d1a1ad8e5be2c7e217c5680ab65590f62ed44586a7b62b26bce9aa"
"md","pact-broker-webhooks","tea","tea/workflows/testarch/bmad-testarch-trace/resources/knowledge/pact-broker-webhooks.md","54ae09ea99d1a1ad8e5be2c7e217c5680ab65590f62ed44586a7b62b26bce9aa"
"md","pact-consumer-di","tea","tea/agents/bmad-tea/resources/knowledge/pact-consumer-di.md","19f79d64e01547cb8c22d6f65eaf16f8eef528e87fe72b00fe256b9f31656492"
"md","pact-consumer-di","tea","tea/workflows/testarch/bmad-testarch-atdd/resources/knowledge/pact-consumer-di.md","19f79d64e01547cb8c22d6f65eaf16f8eef528e87fe72b00fe256b9f31656492"
"md","pact-consumer-di","tea","tea/workflows/testarch/bmad-testarch-automate/resources/knowledge/pact-consumer-di.md","19f79d64e01547cb8c22d6f65eaf16f8eef528e87fe72b00fe256b9f31656492"
"md","pact-consumer-di","tea","tea/workflows/testarch/bmad-testarch-ci/resources/knowledge/pact-consumer-di.md","19f79d64e01547cb8c22d6f65eaf16f8eef528e87fe72b00fe256b9f31656492"
"md","pact-consumer-di","tea","tea/workflows/testarch/bmad-testarch-framework/resources/knowledge/pact-consumer-di.md","19f79d64e01547cb8c22d6f65eaf16f8eef528e87fe72b00fe256b9f31656492"
"md","pact-consumer-di","tea","tea/workflows/testarch/bmad-testarch-nfr/resources/knowledge/pact-consumer-di.md","19f79d64e01547cb8c22d6f65eaf16f8eef528e87fe72b00fe256b9f31656492"
"md","pact-consumer-di","tea","tea/workflows/testarch/bmad-testarch-test-design/resources/knowledge/pact-consumer-di.md","19f79d64e01547cb8c22d6f65eaf16f8eef528e87fe72b00fe256b9f31656492"
"md","pact-consumer-di","tea","tea/workflows/testarch/bmad-testarch-test-review/resources/knowledge/pact-consumer-di.md","19f79d64e01547cb8c22d6f65eaf16f8eef528e87fe72b00fe256b9f31656492"
"md","pact-consumer-di","tea","tea/workflows/testarch/bmad-testarch-trace/resources/knowledge/pact-consumer-di.md","19f79d64e01547cb8c22d6f65eaf16f8eef528e87fe72b00fe256b9f31656492"
"md","pact-consumer-framework-setup","tea","tea/agents/bmad-tea/resources/knowledge/pact-consumer-framework-setup.md","e082d339109aa986cb2ba8d089547cdf446957f9986dbb0061222de384b8b22e"
"md","pact-consumer-framework-setup","tea","tea/workflows/testarch/bmad-testarch-atdd/resources/knowledge/pact-consumer-framework-setup.md","e082d339109aa986cb2ba8d089547cdf446957f9986dbb0061222de384b8b22e"
"md","pact-consumer-framework-setup","tea","tea/workflows/testarch/bmad-testarch-automate/resources/knowledge/pact-consumer-framework-setup.md","e082d339109aa986cb2ba8d089547cdf446957f9986dbb0061222de384b8b22e"
"md","pact-consumer-framework-setup","tea","tea/workflows/testarch/bmad-testarch-ci/resources/knowledge/pact-consumer-framework-setup.md","e082d339109aa986cb2ba8d089547cdf446957f9986dbb0061222de384b8b22e"
"md","pact-consumer-framework-setup","tea","tea/workflows/testarch/bmad-testarch-framework/resources/knowledge/pact-consumer-framework-setup.md","e082d339109aa986cb2ba8d089547cdf446957f9986dbb0061222de384b8b22e"
"md","pact-consumer-framework-setup","tea","tea/workflows/testarch/bmad-testarch-nfr/resources/knowledge/pact-consumer-framework-setup.md","e082d339109aa986cb2ba8d089547cdf446957f9986dbb0061222de384b8b22e"
"md","pact-consumer-framework-setup","tea","tea/workflows/testarch/bmad-testarch-test-design/resources/knowledge/pact-consumer-framework-setup.md","e082d339109aa986cb2ba8d089547cdf446957f9986dbb0061222de384b8b22e"
"md","pact-consumer-framework-setup","tea","tea/workflows/testarch/bmad-testarch-test-review/resources/knowledge/pact-consumer-framework-setup.md","e082d339109aa986cb2ba8d089547cdf446957f9986dbb0061222de384b8b22e"
"md","pact-consumer-framework-setup","tea","tea/workflows/testarch/bmad-testarch-trace/resources/knowledge/pact-consumer-framework-setup.md","e082d339109aa986cb2ba8d089547cdf446957f9986dbb0061222de384b8b22e"
"md","pact-mcp","tea","tea/agents/bmad-tea/resources/knowledge/pact-mcp.md","69868534108a2a075b0a2630716f4c7ced4c819a49ed71b4d111a4931c2b7215"
"md","pact-mcp","tea","tea/workflows/testarch/bmad-testarch-atdd/resources/knowledge/pact-mcp.md","69868534108a2a075b0a2630716f4c7ced4c819a49ed71b4d111a4931c2b7215"
"md","pact-mcp","tea","tea/workflows/testarch/bmad-testarch-automate/resources/knowledge/pact-mcp.md","69868534108a2a075b0a2630716f4c7ced4c819a49ed71b4d111a4931c2b7215"
"md","pact-mcp","tea","tea/workflows/testarch/bmad-testarch-ci/resources/knowledge/pact-mcp.md","69868534108a2a075b0a2630716f4c7ced4c819a49ed71b4d111a4931c2b7215"
"md","pact-mcp","tea","tea/workflows/testarch/bmad-testarch-framework/resources/knowledge/pact-mcp.md","69868534108a2a075b0a2630716f4c7ced4c819a49ed71b4d111a4931c2b7215"
"md","pact-mcp","tea","tea/workflows/testarch/bmad-testarch-nfr/resources/knowledge/pact-mcp.md","69868534108a2a075b0a2630716f4c7ced4c819a49ed71b4d111a4931c2b7215"
"md","pact-mcp","tea","tea/workflows/testarch/bmad-testarch-test-design/resources/knowledge/pact-mcp.md","69868534108a2a075b0a2630716f4c7ced4c819a49ed71b4d111a4931c2b7215"
"md","pact-mcp","tea","tea/workflows/testarch/bmad-testarch-test-review/resources/knowledge/pact-mcp.md","69868534108a2a075b0a2630716f4c7ced4c819a49ed71b4d111a4931c2b7215"
"md","pact-mcp","tea","tea/workflows/testarch/bmad-testarch-trace/resources/knowledge/pact-mcp.md","69868534108a2a075b0a2630716f4c7ced4c819a49ed71b4d111a4931c2b7215"
"md","pactjs-utils-consumer-helpers","tea","tea/agents/bmad-tea/resources/knowledge/pactjs-utils-consumer-helpers.md","783db7ee41bed4e0c7c2036b3c14096c3af2b8088a304ef8496c07848ad47738"
"md","pactjs-utils-consumer-helpers","tea","tea/workflows/testarch/bmad-testarch-atdd/resources/knowledge/pactjs-utils-consumer-helpers.md","783db7ee41bed4e0c7c2036b3c14096c3af2b8088a304ef8496c07848ad47738"
"md","pactjs-utils-consumer-helpers","tea","tea/workflows/testarch/bmad-testarch-automate/resources/knowledge/pactjs-utils-consumer-helpers.md","783db7ee41bed4e0c7c2036b3c14096c3af2b8088a304ef8496c07848ad47738"
"md","pactjs-utils-consumer-helpers","tea","tea/workflows/testarch/bmad-testarch-ci/resources/knowledge/pactjs-utils-consumer-helpers.md","783db7ee41bed4e0c7c2036b3c14096c3af2b8088a304ef8496c07848ad47738"
"md","pactjs-utils-consumer-helpers","tea","tea/workflows/testarch/bmad-testarch-framework/resources/knowledge/pactjs-utils-consumer-helpers.md","783db7ee41bed4e0c7c2036b3c14096c3af2b8088a304ef8496c07848ad47738"
"md","pactjs-utils-consumer-helpers","tea","tea/workflows/testarch/bmad-testarch-nfr/resources/knowledge/pactjs-utils-consumer-helpers.md","783db7ee41bed4e0c7c2036b3c14096c3af2b8088a304ef8496c07848ad47738"
"md","pactjs-utils-consumer-helpers","tea","tea/workflows/testarch/bmad-testarch-test-design/resources/knowledge/pactjs-utils-consumer-helpers.md","783db7ee41bed4e0c7c2036b3c14096c3af2b8088a304ef8496c07848ad47738"
"md","pactjs-utils-consumer-helpers","tea","tea/workflows/testarch/bmad-testarch-test-review/resources/knowledge/pactjs-utils-consumer-helpers.md","783db7ee41bed4e0c7c2036b3c14096c3af2b8088a304ef8496c07848ad47738"
"md","pactjs-utils-consumer-helpers","tea","tea/workflows/testarch/bmad-testarch-trace/resources/knowledge/pactjs-utils-consumer-helpers.md","783db7ee41bed4e0c7c2036b3c14096c3af2b8088a304ef8496c07848ad47738"
"md","pactjs-utils-mandate","tea","tea/agents/bmad-tea/resources/knowledge/pactjs-utils-mandate.md","bc9e94d81fbf393f3eed3c28276fcd370daebd64392cb86b488cb697962958cc"
"md","pactjs-utils-mandate","tea","tea/workflows/testarch/bmad-testarch-atdd/resources/knowledge/pactjs-utils-mandate.md","bc9e94d81fbf393f3eed3c28276fcd370daebd64392cb86b488cb697962958cc"
"md","pactjs-utils-mandate","tea","tea/workflows/testarch/bmad-testarch-automate/resources/knowledge/pactjs-utils-mandate.md","bc9e94d81fbf393f3eed3c28276fcd370daebd64392cb86b488cb697962958cc"
"md","pactjs-utils-mandate","tea","tea/workflows/testarch/bmad-testarch-ci/resources/knowledge/pactjs-utils-mandate.md","bc9e94d81fbf393f3eed3c28276fcd370daebd64392cb86b488cb697962958cc"
"md","pactjs-utils-mandate","tea","tea/workflows/testarch/bmad-testarch-framework/resources/knowledge/pactjs-utils-mandate.md","bc9e94d81fbf393f3eed3c28276fcd370daebd64392cb86b488cb697962958cc"
"md","pactjs-utils-mandate","tea","tea/workflows/testarch/bmad-testarch-nfr/resources/knowledge/pactjs-utils-mandate.md","bc9e94d81fbf393f3eed3c28276fcd370daebd64392cb86b488cb697962958cc"
"md","pactjs-utils-mandate","tea","tea/workflows/testarch/bmad-testarch-test-design/resources/knowledge/pactjs-utils-mandate.md","bc9e94d81fbf393f3eed3c28276fcd370daebd64392cb86b488cb697962958cc"
"md","pactjs-utils-mandate","tea","tea/workflows/testarch/bmad-testarch-test-review/resources/knowledge/pactjs-utils-mandate.md","bc9e94d81fbf393f3eed3c28276fcd370daebd64392cb86b488cb697962958cc"
"md","pactjs-utils-mandate","tea","tea/workflows/testarch/bmad-testarch-trace/resources/knowledge/pactjs-utils-mandate.md","bc9e94d81fbf393f3eed3c28276fcd370daebd64392cb86b488cb697962958cc"
"md","pactjs-utils-overview","tea","tea/agents/bmad-tea/resources/knowledge/pactjs-utils-overview.md","8257d5e4db6b0b3b9e9f39620e48b6766dcad769999ffdcd11b8d020d4c8f05a"
"md","pactjs-utils-overview","tea","tea/workflows/testarch/bmad-testarch-atdd/resources/knowledge/pactjs-utils-overview.md","8257d5e4db6b0b3b9e9f39620e48b6766dcad769999ffdcd11b8d020d4c8f05a"
"md","pactjs-utils-overview","tea","tea/workflows/testarch/bmad-testarch-automate/resources/knowledge/pactjs-utils-overview.md","8257d5e4db6b0b3b9e9f39620e48b6766dcad769999ffdcd11b8d020d4c8f05a"
"md","pactjs-utils-overview","tea","tea/workflows/testarch/bmad-testarch-ci/resources/knowledge/pactjs-utils-overview.md","8257d5e4db6b0b3b9e9f39620e48b6766dcad769999ffdcd11b8d020d4c8f05a"
"md","pactjs-utils-overview","tea","tea/workflows/testarch/bmad-testarch-framework/resources/knowledge/pactjs-utils-overview.md","8257d5e4db6b0b3b9e9f39620e48b6766dcad769999ffdcd11b8d020d4c8f05a"
"md","pactjs-utils-overview","tea","tea/workflows/testarch/bmad-testarch-nfr/resources/knowledge/pactjs-utils-overview.md","8257d5e4db6b0b3b9e9f39620e48b6766dcad769999ffdcd11b8d020d4c8f05a"
"md","pactjs-utils-overview","tea","tea/workflows/testarch/bmad-testarch-test-design/resources/knowledge/pactjs-utils-overview.md","8257d5e4db6b0b3b9e9f39620e48b6766dcad769999ffdcd11b8d020d4c8f05a"
"md","pactjs-utils-overview","tea","tea/workflows/testarch/bmad-testarch-test-review/resources/knowledge/pactjs-utils-overview.md","8257d5e4db6b0b3b9e9f39620e48b6766dcad769999ffdcd11b8d020d4c8f05a"
"md","pactjs-utils-overview","tea","tea/workflows/testarch/bmad-testarch-trace/resources/knowledge/pactjs-utils-overview.md","8257d5e4db6b0b3b9e9f39620e48b6766dcad769999ffdcd11b8d020d4c8f05a"
"md","pactjs-utils-provider-verifier","tea","tea/agents/bmad-tea/resources/knowledge/pactjs-utils-provider-verifier.md","e74ac4d1d9b7e556d2333c6b98c98a8743e9c2bfcc86d260615be84eadebd806"
"md","pactjs-utils-provider-verifier","tea","tea/workflows/testarch/bmad-testarch-atdd/resources/knowledge/pactjs-utils-provider-verifier.md","e74ac4d1d9b7e556d2333c6b98c98a8743e9c2bfcc86d260615be84eadebd806"
"md","pactjs-utils-provider-verifier","tea","tea/workflows/testarch/bmad-testarch-automate/resources/knowledge/pactjs-utils-provider-verifier.md","e74ac4d1d9b7e556d2333c6b98c98a8743e9c2bfcc86d260615be84eadebd806"
"md","pactjs-utils-provider-verifier","tea","tea/workflows/testarch/bmad-testarch-ci/resources/knowledge/pactjs-utils-provider-verifier.md","e74ac4d1d9b7e556d2333c6b98c98a8743e9c2bfcc86d260615be84eadebd806"
"md","pactjs-utils-provider-verifier","tea","tea/workflows/testarch/bmad-testarch-framework/resources/knowledge/pactjs-utils-provider-verifier.md","e74ac4d1d9b7e556d2333c6b98c98a8743e9c2bfcc86d260615be84eadebd806"
"md","pactjs-utils-provider-verifier","tea","tea/workflows/testarch/bmad-testarch-nfr/resources/knowledge/pactjs-utils-provider-verifier.md","e74ac4d1d9b7e556d2333c6b98c98a8743e9c2bfcc86d260615be84eadebd806"
"md","pactjs-utils-provider-verifier","tea","tea/workflows/testarch/bmad-testarch-test-design/resources/knowledge/pactjs-utils-provider-verifier.md","e74ac4d1d9b7e556d2333c6b98c98a8743e9c2bfcc86d260615be84eadebd806"
"md","pactjs-utils-provider-verifier","tea","tea/workflows/testarch/bmad-testarch-test-review/resources/knowledge/pactjs-utils-provider-verifier.md","e74ac4d1d9b7e556d2333c6b98c98a8743e9c2bfcc86d260615be84eadebd806"
"md","pactjs-utils-provider-verifier","tea","tea/workflows/testarch/bmad-testarch-trace/resources/knowledge/pactjs-utils-provider-verifier.md","e74ac4d1d9b7e556d2333c6b98c98a8743e9c2bfcc86d260615be84eadebd806"
"md","pactjs-utils-request-filter","tea","tea/agents/bmad-tea/resources/knowledge/pactjs-utils-request-filter.md","1312867725f49fe8ff9a136a90dc82becdab345d724a568a7f50abba31ee8f7c"
"md","pactjs-utils-request-filter","tea","tea/workflows/testarch/bmad-testarch-atdd/resources/knowledge/pactjs-utils-request-filter.md","1312867725f49fe8ff9a136a90dc82becdab345d724a568a7f50abba31ee8f7c"
"md","pactjs-utils-request-filter","tea","tea/workflows/testarch/bmad-testarch-automate/resources/knowledge/pactjs-utils-request-filter.md","1312867725f49fe8ff9a136a90dc82becdab345d724a568a7f50abba31ee8f7c"
"md","pactjs-utils-request-filter","tea","tea/workflows/testarch/bmad-testarch-ci/resources/knowledge/pactjs-utils-request-filter.md","1312867725f49fe8ff9a136a90dc82becdab345d724a568a7f50abba31ee8f7c"
"md","pactjs-utils-request-filter","tea","tea/workflows/testarch/bmad-testarch-framework/resources/knowledge/pactjs-utils-request-filter.md","1312867725f49fe8ff9a136a90dc82becdab345d724a568a7f50abba31ee8f7c"
"md","pactjs-utils-request-filter","tea","tea/workflows/testarch/bmad-testarch-nfr/resources/knowledge/pactjs-utils-request-filter.md","1312867725f49fe8ff9a136a90dc82becdab345d724a568a7f50abba31ee8f7c"
"md","pactjs-utils-request-filter","tea","tea/workflows/testarch/bmad-testarch-test-design/resources/knowledge/pactjs-utils-request-filter.md","1312867725f49fe8ff9a136a90dc82becdab345d724a568a7f50abba31ee8f7c"
"md","pactjs-utils-request-filter","tea","tea/workflows/testarch/bmad-testarch-test-review/resources/knowledge/pactjs-utils-request-filter.md","1312867725f49fe8ff9a136a90dc82becdab345d724a568a7f50abba31ee8f7c"
"md","pactjs-utils-request-filter","tea","tea/workflows/testarch/bmad-testarch-trace/resources/knowledge/pactjs-utils-request-filter.md","1312867725f49fe8ff9a136a90dc82becdab345d724a568a7f50abba31ee8f7c"
"md","pactjs-utils-zod-to-pact","tea","tea/agents/bmad-tea/resources/knowledge/pactjs-utils-zod-to-pact.md","eb9209b883ebff82bb0ae5a0a2711796d6b32a543b9707f6b2ef936caf4ffb59"
"md","pactjs-utils-zod-to-pact","tea","tea/workflows/testarch/bmad-testarch-atdd/resources/knowledge/pactjs-utils-zod-to-pact.md","eb9209b883ebff82bb0ae5a0a2711796d6b32a543b9707f6b2ef936caf4ffb59"
"md","pactjs-utils-zod-to-pact","tea","tea/workflows/testarch/bmad-testarch-automate/resources/knowledge/pactjs-utils-zod-to-pact.md","eb9209b883ebff82bb0ae5a0a2711796d6b32a543b9707f6b2ef936caf4ffb59"
"md","pactjs-utils-zod-to-pact","tea","tea/workflows/testarch/bmad-testarch-ci/resources/knowledge/pactjs-utils-zod-to-pact.md","eb9209b883ebff82bb0ae5a0a2711796d6b32a543b9707f6b2ef936caf4ffb59"
"md","pactjs-utils-zod-to-pact","tea","tea/workflows/testarch/bmad-testarch-framework/resources/knowledge/pactjs-utils-zod-to-pact.md","eb9209b883ebff82bb0ae5a0a2711796d6b32a543b9707f6b2ef936caf4ffb59"
"md","pactjs-utils-zod-to-pact","tea","tea/workflows/testarch/bmad-testarch-nfr/resources/knowledge/pactjs-utils-zod-to-pact.md","eb9209b883ebff82bb0ae5a0a2711796d6b32a543b9707f6b2ef936caf4ffb59"
"md","pactjs-utils-zod-to-pact","tea","tea/workflows/testarch/bmad-testarch-test-design/resources/knowledge/pactjs-utils-zod-to-pact.md","eb9209b883ebff82bb0ae5a0a2711796d6b32a543b9707f6b2ef936caf4ffb59"
"md","pactjs-utils-zod-to-pact","tea","tea/workflows/testarch/bmad-testarch-test-review/resources/knowledge/pactjs-utils-zod-to-pact.md","eb9209b883ebff82bb0ae5a0a2711796d6b32a543b9707f6b2ef936caf4ffb59"
"md","pactjs-utils-zod-to-pact","tea","tea/workflows/testarch/bmad-testarch-trace/resources/knowledge/pactjs-utils-zod-to-pact.md","eb9209b883ebff82bb0ae5a0a2711796d6b32a543b9707f6b2ef936caf4ffb59"
"md","playwright-cli","tea","tea/agents/bmad-tea/resources/knowledge/playwright-cli.md","d52e02c0a7d8f126e87bbf0966beaa7f8715da423587b0e9a57dfe72bd445545"
"md","playwright-cli","tea","tea/workflows/testarch/bmad-testarch-atdd/resources/knowledge/playwright-cli.md","d52e02c0a7d8f126e87bbf0966beaa7f8715da423587b0e9a57dfe72bd445545"
"md","playwright-cli","tea","tea/workflows/testarch/bmad-testarch-automate/resources/knowledge/playwright-cli.md","d52e02c0a7d8f126e87bbf0966beaa7f8715da423587b0e9a57dfe72bd445545"
"md","playwright-cli","tea","tea/workflows/testarch/bmad-testarch-ci/resources/knowledge/playwright-cli.md","d52e02c0a7d8f126e87bbf0966beaa7f8715da423587b0e9a57dfe72bd445545"
"md","playwright-cli","tea","tea/workflows/testarch/bmad-testarch-framework/resources/knowledge/playwright-cli.md","d52e02c0a7d8f126e87bbf0966beaa7f8715da423587b0e9a57dfe72bd445545"
"md","playwright-cli","tea","tea/workflows/testarch/bmad-testarch-nfr/resources/knowledge/playwright-cli.md","d52e02c0a7d8f126e87bbf0966beaa7f8715da423587b0e9a57dfe72bd445545"
"md","playwright-cli","tea","tea/workflows/testarch/bmad-testarch-test-design/resources/knowledge/playwright-cli.md","d52e02c0a7d8f126e87bbf0966beaa7f8715da423587b0e9a57dfe72bd445545"
"md","playwright-cli","tea","tea/workflows/testarch/bmad-testarch-test-review/resources/knowledge/playwright-cli.md","d52e02c0a7d8f126e87bbf0966beaa7f8715da423587b0e9a57dfe72bd445545"
"md","playwright-cli","tea","tea/workflows/testarch/bmad-testarch-trace/resources/knowledge/playwright-cli.md","d52e02c0a7d8f126e87bbf0966beaa7f8715da423587b0e9a57dfe72bd445545"
"md","playwright-config","tea","tea/agents/bmad-tea/resources/knowledge/playwright-config.md","91edb2ea58042a406ec3a55ca07f3af4a11e3329f5d19ed66a9175d61a8f9e5f"
"md","playwright-config","tea","tea/workflows/testarch/bmad-testarch-atdd/resources/knowledge/playwright-config.md","91edb2ea58042a406ec3a55ca07f3af4a11e3329f5d19ed66a9175d61a8f9e5f"
"md","playwright-config","tea","tea/workflows/testarch/bmad-testarch-automate/resources/knowledge/playwright-config.md","91edb2ea58042a406ec3a55ca07f3af4a11e3329f5d19ed66a9175d61a8f9e5f"
"md","playwright-config","tea","tea/workflows/testarch/bmad-testarch-ci/resources/knowledge/playwright-config.md","91edb2ea58042a406ec3a55ca07f3af4a11e3329f5d19ed66a9175d61a8f9e5f"
"md","playwright-config","tea","tea/workflows/testarch/bmad-testarch-framework/resources/knowledge/playwright-config.md","91edb2ea58042a406ec3a55ca07f3af4a11e3329f5d19ed66a9175d61a8f9e5f"
"md","playwright-config","tea","tea/workflows/testarch/bmad-testarch-nfr/resources/knowledge/playwright-config.md","91edb2ea58042a406ec3a55ca07f3af4a11e3329f5d19ed66a9175d61a8f9e5f"
"md","playwright-config","tea","tea/workflows/testarch/bmad-testarch-test-design/resources/knowledge/playwright-config.md","91edb2ea58042a406ec3a55ca07f3af4a11e3329f5d19ed66a9175d61a8f9e5f"
"md","playwright-config","tea","tea/workflows/testarch/bmad-testarch-test-review/resources/knowledge/playwright-config.md","91edb2ea58042a406ec3a55ca07f3af4a11e3329f5d19ed66a9175d61a8f9e5f"
"md","playwright-config","tea","tea/workflows/testarch/bmad-testarch-trace/resources/knowledge/playwright-config.md","91edb2ea58042a406ec3a55ca07f3af4a11e3329f5d19ed66a9175d61a8f9e5f"
"md","playwright-utils-mandate","tea","tea/agents/bmad-tea/resources/knowledge/playwright-utils-mandate.md","524451cbf5997d47aaf072d39447e579ea791ad9dfcb449762a0ae65cbeeb7e4"
"md","playwright-utils-mandate","tea","tea/workflows/testarch/bmad-testarch-atdd/resources/knowledge/playwright-utils-mandate.md","524451cbf5997d47aaf072d39447e579ea791ad9dfcb449762a0ae65cbeeb7e4"
"md","playwright-utils-mandate","tea","tea/workflows/testarch/bmad-testarch-automate/resources/knowledge/playwright-utils-mandate.md","524451cbf5997d47aaf072d39447e579ea791ad9dfcb449762a0ae65cbeeb7e4"
"md","playwright-utils-mandate","tea","tea/workflows/testarch/bmad-testarch-ci/resources/knowledge/playwright-utils-mandate.md","524451cbf5997d47aaf072d39447e579ea791ad9dfcb449762a0ae65cbeeb7e4"
"md","playwright-utils-mandate","tea","tea/workflows/testarch/bmad-testarch-framework/resources/knowledge/playwright-utils-mandate.md","524451cbf5997d47aaf072d39447e579ea791ad9dfcb449762a0ae65cbeeb7e4"
"md","playwright-utils-mandate","tea","tea/workflows/testarch/bmad-testarch-nfr/resources/knowledge/playwright-utils-mandate.md","524451cbf5997d47aaf072d39447e579ea791ad9dfcb449762a0ae65cbeeb7e4"
"md","playwright-utils-mandate","tea","tea/workflows/testarch/bmad-testarch-test-design/resources/knowledge/playwright-utils-mandate.md","524451cbf5997d47aaf072d39447e579ea791ad9dfcb449762a0ae65cbeeb7e4"
"md","playwright-utils-mandate","tea","tea/workflows/testarch/bmad-testarch-test-review/resources/knowledge/playwright-utils-mandate.md","524451cbf5997d47aaf072d39447e579ea791ad9dfcb449762a0ae65cbeeb7e4"
"md","playwright-utils-mandate","tea","tea/workflows/testarch/bmad-testarch-trace/resources/knowledge/playwright-utils-mandate.md","524451cbf5997d47aaf072d39447e579ea791ad9dfcb449762a0ae65cbeeb7e4"
"md","probability-impact","tea","tea/agents/bmad-tea/resources/knowledge/probability-impact.md","1dfb2d0248f5b9f0a24ccdac55b6b5414f5533b148a670be0aa90dab2c73a776"
"md","probability-impact","tea","tea/workflows/testarch/bmad-testarch-atdd/resources/knowledge/probability-impact.md","1dfb2d0248f5b9f0a24ccdac55b6b5414f5533b148a670be0aa90dab2c73a776"
"md","probability-impact","tea","tea/workflows/testarch/bmad-testarch-automate/resources/knowledge/probability-impact.md","1dfb2d0248f5b9f0a24ccdac55b6b5414f5533b148a670be0aa90dab2c73a776"
"md","probability-impact","tea","tea/workflows/testarch/bmad-testarch-ci/resources/knowledge/probability-impact.md","1dfb2d0248f5b9f0a24ccdac55b6b5414f5533b148a670be0aa90dab2c73a776"
"md","probability-impact","tea","tea/workflows/testarch/bmad-testarch-framework/resources/knowledge/probability-impact.md","1dfb2d0248f5b9f0a24ccdac55b6b5414f5533b148a670be0aa90dab2c73a776"
"md","probability-impact","tea","tea/workflows/testarch/bmad-testarch-nfr/resources/knowledge/probability-impact.md","1dfb2d0248f5b9f0a24ccdac55b6b5414f5533b148a670be0aa90dab2c73a776"
"md","probability-impact","tea","tea/workflows/testarch/bmad-testarch-test-design/resources/knowledge/probability-impact.md","1dfb2d0248f5b9f0a24ccdac55b6b5414f5533b148a670be0aa90dab2c73a776"
"md","probability-impact","tea","tea/workflows/testarch/bmad-testarch-test-review/resources/knowledge/probability-impact.md","1dfb2d0248f5b9f0a24ccdac55b6b5414f5533b148a670be0aa90dab2c73a776"
"md","probability-impact","tea","tea/workflows/testarch/bmad-testarch-trace/resources/knowledge/probability-impact.md","1dfb2d0248f5b9f0a24ccdac55b6b5414f5533b148a670be0aa90dab2c73a776"
"md","recurse","tea","tea/agents/bmad-tea/resources/knowledge/recurse.md","ef5624efd119a7cefc2891915098fe71b512f67626a7deaa5deb60a4d1e56467"
"md","recurse","tea","tea/workflows/testarch/bmad-testarch-atdd/resources/knowledge/recurse.md","ef5624efd119a7cefc2891915098fe71b512f67626a7deaa5deb60a4d1e56467"
"md","recurse","tea","tea/workflows/testarch/bmad-testarch-automate/resources/knowledge/recurse.md","ef5624efd119a7cefc2891915098fe71b512f67626a7deaa5deb60a4d1e56467"
"md","recurse","tea","tea/workflows/testarch/bmad-testarch-ci/resources/knowledge/recurse.md","ef5624efd119a7cefc2891915098fe71b512f67626a7deaa5deb60a4d1e56467"
"md","recurse","tea","tea/workflows/testarch/bmad-testarch-framework/resources/knowledge/recurse.md","ef5624efd119a7cefc2891915098fe71b512f67626a7deaa5deb60a4d1e56467"
"md","recurse","tea","tea/workflows/testarch/bmad-testarch-nfr/resources/knowledge/recurse.md","ef5624efd119a7cefc2891915098fe71b512f67626a7deaa5deb60a4d1e56467"
"md","recurse","tea","tea/workflows/testarch/bmad-testarch-test-design/resources/knowledge/recurse.md","ef5624efd119a7cefc2891915098fe71b512f67626a7deaa5deb60a4d1e56467"
"md","recurse","tea","tea/workflows/testarch/bmad-testarch-test-review/resources/knowledge/recurse.md","ef5624efd119a7cefc2891915098fe71b512f67626a7deaa5deb60a4d1e56467"
"md","recurse","tea","tea/workflows/testarch/bmad-testarch-trace/resources/knowledge/recurse.md","ef5624efd119a7cefc2891915098fe71b512f67626a7deaa5deb60a4d1e56467"
"md","risk-governance","tea","tea/agents/bmad-tea/resources/knowledge/risk-governance.md","fcb8b6c4db611f2e27b87d4c78e861b13b391596a63f6fad0ae0ab9fff42370d"
"md","risk-governance","tea","tea/workflows/testarch/bmad-testarch-atdd/resources/knowledge/risk-governance.md","fcb8b6c4db611f2e27b87d4c78e861b13b391596a63f6fad0ae0ab9fff42370d"
"md","risk-governance","tea","tea/workflows/testarch/bmad-testarch-automate/resources/knowledge/risk-governance.md","fcb8b6c4db611f2e27b87d4c78e861b13b391596a63f6fad0ae0ab9fff42370d"
"md","risk-governance","tea","tea/workflows/testarch/bmad-testarch-ci/resources/knowledge/risk-governance.md","fcb8b6c4db611f2e27b87d4c78e861b13b391596a63f6fad0ae0ab9fff42370d"
"md","risk-governance","tea","tea/workflows/testarch/bmad-testarch-framework/resources/knowledge/risk-governance.md","fcb8b6c4db611f2e27b87d4c78e861b13b391596a63f6fad0ae0ab9fff42370d"
"md","risk-governance","tea","tea/workflows/testarch/bmad-testarch-nfr/resources/knowledge/risk-governance.md","fcb8b6c4db611f2e27b87d4c78e861b13b391596a63f6fad0ae0ab9fff42370d"
"md","risk-governance","tea","tea/workflows/testarch/bmad-testarch-test-design/resources/knowledge/risk-governance.md","fcb8b6c4db611f2e27b87d4c78e861b13b391596a63f6fad0ae0ab9fff42370d"
"md","risk-governance","tea","tea/workflows/testarch/bmad-testarch-test-review/resources/knowledge/risk-governance.md","fcb8b6c4db611f2e27b87d4c78e861b13b391596a63f6fad0ae0ab9fff42370d"
"md","risk-governance","tea","tea/workflows/testarch/bmad-testarch-trace/resources/knowledge/risk-governance.md","fcb8b6c4db611f2e27b87d4c78e861b13b391596a63f6fad0ae0ab9fff42370d"
"md","selective-testing","tea","tea/agents/bmad-tea/resources/knowledge/selective-testing.md","16846e37e52116f2c8fb7b928cd1a36ecd5de308a97e22b7b71bf6012720cc19"
"md","selective-testing","tea","tea/workflows/testarch/bmad-testarch-atdd/resources/knowledge/selective-testing.md","16846e37e52116f2c8fb7b928cd1a36ecd5de308a97e22b7b71bf6012720cc19"
"md","selective-testing","tea","tea/workflows/testarch/bmad-testarch-automate/resources/knowledge/selective-testing.md","16846e37e52116f2c8fb7b928cd1a36ecd5de308a97e22b7b71bf6012720cc19"
"md","selective-testing","tea","tea/workflows/testarch/bmad-testarch-ci/resources/knowledge/selective-testing.md","16846e37e52116f2c8fb7b928cd1a36ecd5de308a97e22b7b71bf6012720cc19"
"md","selective-testing","tea","tea/workflows/testarch/bmad-testarch-framework/resources/knowledge/selective-testing.md","16846e37e52116f2c8fb7b928cd1a36ecd5de308a97e22b7b71bf6012720cc19"
"md","selective-testing","tea","tea/workflows/testarch/bmad-testarch-nfr/resources/knowledge/selective-testing.md","16846e37e52116f2c8fb7b928cd1a36ecd5de308a97e22b7b71bf6012720cc19"
"md","selective-testing","tea","tea/workflows/testarch/bmad-testarch-test-design/resources/knowledge/selective-testing.md","16846e37e52116f2c8fb7b928cd1a36ecd5de308a97e22b7b71bf6012720cc19"
"md","selective-testing","tea","tea/workflows/testarch/bmad-testarch-test-review/resources/knowledge/selective-testing.md","16846e37e52116f2c8fb7b928cd1a36ecd5de308a97e22b7b71bf6012720cc19"
"md","selective-testing","tea","tea/workflows/testarch/bmad-testarch-trace/resources/knowledge/selective-testing.md","16846e37e52116f2c8fb7b928cd1a36ecd5de308a97e22b7b71bf6012720cc19"
"md","selector-resilience","tea","tea/agents/bmad-tea/resources/knowledge/selector-resilience.md","27017332dd7d25c86ef39bbf8aec4ace89ee05bed56b6fdae639078c9e725d15"
"md","selector-resilience","tea","tea/workflows/testarch/bmad-testarch-atdd/resources/knowledge/selector-resilience.md","27017332dd7d25c86ef39bbf8aec4ace89ee05bed56b6fdae639078c9e725d15"
"md","selector-resilience","tea","tea/workflows/testarch/bmad-testarch-automate/resources/knowledge/selector-resilience.md","27017332dd7d25c86ef39bbf8aec4ace89ee05bed56b6fdae639078c9e725d15"
"md","selector-resilience","tea","tea/workflows/testarch/bmad-testarch-ci/resources/knowledge/selector-resilience.md","27017332dd7d25c86ef39bbf8aec4ace89ee05bed56b6fdae639078c9e725d15"
"md","selector-resilience","tea","tea/workflows/testarch/bmad-testarch-framework/resources/knowledge/selector-resilience.md","27017332dd7d25c86ef39bbf8aec4ace89ee05bed56b6fdae639078c9e725d15"
"md","selector-resilience","tea","tea/workflows/testarch/bmad-testarch-nfr/resources/knowledge/selector-resilience.md","27017332dd7d25c86ef39bbf8aec4ace89ee05bed56b6fdae639078c9e725d15"
"md","selector-resilience","tea","tea/workflows/testarch/bmad-testarch-test-design/resources/knowledge/selector-resilience.md","27017332dd7d25c86ef39bbf8aec4ace89ee05bed56b6fdae639078c9e725d15"
"md","selector-resilience","tea","tea/workflows/testarch/bmad-testarch-test-review/resources/knowledge/selector-resilience.md","27017332dd7d25c86ef39bbf8aec4ace89ee05bed56b6fdae639078c9e725d15"
"md","selector-resilience","tea","tea/workflows/testarch/bmad-testarch-trace/resources/knowledge/selector-resilience.md","27017332dd7d25c86ef39bbf8aec4ace89ee05bed56b6fdae639078c9e725d15"
"md","session-notes-template","tea","tea/workflows/testarch/bmad-teach-me-testing/templates/session-notes-template.md","e22954ab5200bd31dbe4f458746f854fe83a4bdbf848254da71650d6d94e4869"
"md","SKILL","tea","tea/agents/bmad-tea/SKILL.md","4b1116f1b9b20a397e649e7f6c96d8172ea9feedb8f8d0b2a2952ebc037548ef"
"md","SKILL","tea","tea/workflows/testarch/bmad-teach-me-testing/SKILL.md","6fce700bf91d0830eb3952360e211d90a1ca4210a18bc2a95324b086e3ec1051"
"md","SKILL","tea","tea/workflows/testarch/bmad-testarch-atdd/SKILL.md","31b54cdb1022f6705e5a8d6062ba3ef2313eb76bad21d20d90a7abe5ac0f7215"
"md","SKILL","tea","tea/workflows/testarch/bmad-testarch-automate/SKILL.md","e2c84f99eb604a63bd77a2fec701f6f93ee2af27b68594f0994237920311ff3c"
"md","SKILL","tea","tea/workflows/testarch/bmad-testarch-ci/SKILL.md","926ec073404dca312daa5f28998171968b9ce19058a9eaccdac670563783d548"
"md","SKILL","tea","tea/workflows/testarch/bmad-testarch-framework/SKILL.md","13a8e05c354627ffa3db965c46cfda33821914da2c6314ecbca66e26589f6fca"
"md","SKILL","tea","tea/workflows/testarch/bmad-testarch-nfr/SKILL.md","c0a6b56e0de17080f7d30d238dd9f97fecfd7547bf26c22e5c374997fdb66030"
"md","SKILL","tea","tea/workflows/testarch/bmad-testarch-test-design/SKILL.md","e7dacd75f16aa80af9fc42de9009c34e82c0ef18b01db24fc6507d30dd96d128"
"md","SKILL","tea","tea/workflows/testarch/bmad-testarch-test-review/SKILL.md","58aaad742e3919b86ef14b35800ab8c0621b13b609110b6bddd8c8c93406b394"
"md","SKILL","tea","tea/workflows/testarch/bmad-testarch-trace/SKILL.md","ab1c84b9706ce99aa1bf7d6bf6d1a65a215d515719efa39cd3f854e27e094f37"
"md","step-01-assess","tea","tea/workflows/testarch/bmad-testarch-atdd/steps-e/step-01-assess.md","dfea102af47853a92e4d363be229e23465239ca6e898a2c00de4d2d8160eaaab"
"md","step-01-assess","tea","tea/workflows/testarch/bmad-testarch-automate/steps-e/step-01-assess.md","dfea102af47853a92e4d363be229e23465239ca6e898a2c00de4d2d8160eaaab"
"md","step-01-assess","tea","tea/workflows/testarch/bmad-testarch-ci/steps-e/step-01-assess.md","dfea102af47853a92e4d363be229e23465239ca6e898a2c00de4d2d8160eaaab"
"md","step-01-assess","tea","tea/workflows/testarch/bmad-testarch-framework/steps-e/step-01-assess.md","dfea102af47853a92e4d363be229e23465239ca6e898a2c00de4d2d8160eaaab"
"md","step-01-assess","tea","tea/workflows/testarch/bmad-testarch-nfr/steps-e/step-01-assess.md","dfea102af47853a92e4d363be229e23465239ca6e898a2c00de4d2d8160eaaab"
"md","step-01-assess","tea","tea/workflows/testarch/bmad-testarch-test-design/steps-e/step-01-assess.md","dfea102af47853a92e4d363be229e23465239ca6e898a2c00de4d2d8160eaaab"
"md","step-01-assess","tea","tea/workflows/testarch/bmad-testarch-test-review/steps-e/step-01-assess.md","dfea102af47853a92e4d363be229e23465239ca6e898a2c00de4d2d8160eaaab"
"md","step-01-assess","tea","tea/workflows/testarch/bmad-testarch-trace/steps-e/step-01-assess.md","dfea102af47853a92e4d363be229e23465239ca6e898a2c00de4d2d8160eaaab"
"md","step-01-detect-mode","tea","tea/workflows/testarch/bmad-testarch-test-design/steps-c/step-01-detect-mode.md","26902eed4a543f9c4e71e96d56356ba56a3868830aef461a3862ac6c6d8eb194"
"md","step-01-init","tea","tea/workflows/testarch/bmad-teach-me-testing/steps-c/step-01-init.md","b88d02745dd5db0f7039b35c3a8b3bc12d872af8d33817e2ad4e280c9192d3a0"
"md","step-01-load-context","tea","tea/workflows/testarch/bmad-testarch-nfr/steps-c/step-01-load-context.md","2b8e9d6b901f9ae3aa7d78ea21129fb3c1b9d8b1a4a74c82c8eef21464168de9"
"md","step-01-load-context","tea","tea/workflows/testarch/bmad-testarch-test-review/steps-c/step-01-load-context.md","4505ee2fa476c6f9033d320b370ce63b873070260a530fcbc059b418a8ba82ec"
"md","step-01-load-context","tea","tea/workflows/testarch/bmad-testarch-trace/steps-c/step-01-load-context.md","784d542ea222cab4c451cd968f08ca3d57e747db20a0af499fb9e5141ff9bef0"
"md","step-01-preflight","tea","tea/workflows/testarch/bmad-testarch-ci/steps-c/step-01-preflight.md","f03d162d0e13ce30c5f11426a2e7fbda6ff617f2d5c71cbc4e9b4452158387c2"
"md","step-01-preflight","tea","tea/workflows/testarch/bmad-testarch-framework/steps-c/step-01-preflight.md","eae3585b07fdb819db5280b049f7b7fe0c7275c47d3ae03c6fc388b68f686090"
"md","step-01-preflight-and-context","tea","tea/workflows/testarch/bmad-testarch-atdd/steps-c/step-01-preflight-and-context.md","4c35446a19a435c7bf04b9ae181c8ef6de7c12670fb2d0b913cd8bbd3d2c8cfa"
"md","step-01-preflight-and-context","tea","tea/workflows/testarch/bmad-testarch-automate/steps-c/step-01-preflight-and-context.md","2a4611b59a83ac238ac1816d6a9b6064c83d2e430ec4049833e023d69ebf8949"
"md","step-01-validate","tea","tea/workflows/testarch/bmad-testarch-atdd/steps-v/step-01-validate.md","dced4953eaa26660c662acc3d72be4be8c39d84734aad6a0bb3fedb029937611"
"md","step-01-validate","tea","tea/workflows/testarch/bmad-testarch-automate/steps-v/step-01-validate.md","4e28e625da4ec648a4ebe9619b82ba77597fde3498dbd3fcc3e0e7e3258362ce"
"md","step-01-validate","tea","tea/workflows/testarch/bmad-testarch-ci/steps-v/step-01-validate.md","d1bb794792d5c169ad14024755a28ef451cf101125edb9ed5c7504e17534d50a"
"md","step-01-validate","tea","tea/workflows/testarch/bmad-testarch-framework/steps-v/step-01-validate.md","6598dca5be1286c0dbaa8b51c1eb3811ec832879dbed7846d81b05ed1a8614d1"
"md","step-01-validate","tea","tea/workflows/testarch/bmad-testarch-nfr/steps-v/step-01-validate.md","d4ffb4726e36ed5e310e45251cb620862942e29d153f37c47138fb198369e4f0"
"md","step-01-validate","tea","tea/workflows/testarch/bmad-testarch-test-design/steps-v/step-01-validate.md","7d8bf2e4af8d204ce9e62b9662bdae81b6238bb8f2e7f1efb99987eea914f529"
"md","step-01-validate","tea","tea/workflows/testarch/bmad-testarch-test-review/steps-v/step-01-validate.md","d97da8a5c3e698aa5ecab66b96a341b3a390b8bde541c156fd7a8eb26906161b"
"md","step-01-validate","tea","tea/workflows/testarch/bmad-testarch-trace/steps-v/step-01-validate.md","103c8c2c20339409052c54b66f3638466452e42b702a16ba1c2567ba6a2e6099"
"md","step-01b-continue","tea","tea/workflows/testarch/bmad-teach-me-testing/steps-c/step-01b-continue.md","6c2e4b363c3b90100126f8239a160829c1fda5433b0adc3d0609aef990345a53"
"md","step-01b-resume","tea","tea/workflows/testarch/bmad-testarch-atdd/steps-c/step-01b-resume.md","753cfa840da86784a2cc5eae6403d3924d34be4a1202bc89ec543a3f7bd107fc"
"md","step-01b-resume","tea","tea/workflows/testarch/bmad-testarch-automate/steps-c/step-01b-resume.md","964342ec321adc0397ddbf51dd3c0e194b406b752d948ae9a115b5898c8b65e9"
"md","step-01b-resume","tea","tea/workflows/testarch/bmad-testarch-ci/steps-c/step-01b-resume.md","12de739385eaf55e31aaed64b8608324d3c6fd247f22378a630810cbace44798"
"md","step-01b-resume","tea","tea/workflows/testarch/bmad-testarch-framework/steps-c/step-01b-resume.md","25e2623397b2144f50bd0906186d72117a9c005e75583e0e3968111e3fdaef4b"
"md","step-01b-resume","tea","tea/workflows/testarch/bmad-testarch-nfr/steps-c/step-01b-resume.md","882fd6572a3e386cfe772a06d502cc90126816c100462574970dd0d664067658"
"md","step-01b-resume","tea","tea/workflows/testarch/bmad-testarch-test-design/steps-c/step-01b-resume.md","3765e83cfa3009d0db5f366f96344f1dffbe62861a4669be1c61d8253854776f"
"md","step-01b-resume","tea","tea/workflows/testarch/bmad-testarch-test-review/steps-c/step-01b-resume.md","58be11fd6b638cf6dba96441e681a32b646400adaccb1c68ed86a5734713fbec"
"md","step-01b-resume","tea","tea/workflows/testarch/bmad-testarch-trace/steps-c/step-01b-resume.md","c15e15dde9618b24b62d17e9e64c0afaed043d148d969bb492e98c804d6a5e86"
"md","step-02-apply-edit","tea","tea/workflows/testarch/bmad-testarch-atdd/steps-e/step-02-apply-edit.md","ded3091991e3beaecb703c87e38f99d682602b5b664597225544d2c2607c661a"
"md","step-02-apply-edit","tea","tea/workflows/testarch/bmad-testarch-automate/steps-e/step-02-apply-edit.md","ded3091991e3beaecb703c87e38f99d682602b5b664597225544d2c2607c661a"
"md","step-02-apply-edit","tea","tea/workflows/testarch/bmad-testarch-ci/steps-e/step-02-apply-edit.md","ded3091991e3beaecb703c87e38f99d682602b5b664597225544d2c2607c661a"
"md","step-02-apply-edit","tea","tea/workflows/testarch/bmad-testarch-framework/steps-e/step-02-apply-edit.md","ded3091991e3beaecb703c87e38f99d682602b5b664597225544d2c2607c661a"
"md","step-02-apply-edit","tea","tea/workflows/testarch/bmad-testarch-nfr/steps-e/step-02-apply-edit.md","ded3091991e3beaecb703c87e38f99d682602b5b664597225544d2c2607c661a"
"md","step-02-apply-edit","tea","tea/workflows/testarch/bmad-testarch-test-design/steps-e/step-02-apply-edit.md","ded3091991e3beaecb703c87e38f99d682602b5b664597225544d2c2607c661a"
"md","step-02-apply-edit","tea","tea/workflows/testarch/bmad-testarch-test-review/steps-e/step-02-apply-edit.md","ded3091991e3beaecb703c87e38f99d682602b5b664597225544d2c2607c661a"
"md","step-02-apply-edit","tea","tea/workflows/testarch/bmad-testarch-trace/steps-e/step-02-apply-edit.md","ded3091991e3beaecb703c87e38f99d682602b5b664597225544d2c2607c661a"
"md","step-02-assess","tea","tea/workflows/testarch/bmad-teach-me-testing/steps-c/step-02-assess.md","9768a104cc49a1ae2308ede862620e84ca09521fa11eb0448c9303046f24a090"
"md","step-02-define-thresholds","tea","tea/workflows/testarch/bmad-testarch-nfr/steps-c/step-02-define-thresholds.md","6254f02af1fe06ce5b6fd89bbc3ca3271016e2130e05c8153d7c81eb4baec933"
"md","step-02-discover-tests","tea","tea/workflows/testarch/bmad-testarch-test-review/steps-c/step-02-discover-tests.md","3c9c171972119fbde256955f54b5fa8d6913c62e43159e2b07c4be9e366408f4"
"md","step-02-discover-tests","tea","tea/workflows/testarch/bmad-testarch-trace/steps-c/step-02-discover-tests.md","11205b592f122ee8739cb8cb4a8456a29a5c20ce49090f5ce4f9f1ab3cad8fb3"
"md","step-02-generate-pipeline","tea","tea/workflows/testarch/bmad-testarch-ci/steps-c/step-02-generate-pipeline.md","6a5903901bae9928965aec5c5ded753f207be4d1a721edc05523532ccd32ba01"
"md","step-02-generation-mode","tea","tea/workflows/testarch/bmad-testarch-atdd/steps-c/step-02-generation-mode.md","6cfd167682c565cafc2f5f96d835b7441b83d2272ce49c7095652d042c85a782"
"md","step-02-identify-targets","tea","tea/workflows/testarch/bmad-testarch-automate/steps-c/step-02-identify-targets.md","63013f350e1251f479edc36f474ec6ff8aa20cfbfc37cef590edacead607a971"
"md","step-02-load-context","tea","tea/workflows/testarch/bmad-testarch-test-design/steps-c/step-02-load-context.md","d0e9b463dc0cbb82984808acd48fb855ab98cb85f53da06e9fb4117405e7b3d4"
"md","step-02-select-framework","tea","tea/workflows/testarch/bmad-testarch-framework/steps-c/step-02-select-framework.md","6374095d15670bee2004de225954a3acafceed958c81bd92d25f5f381b792b3d"
"md","step-03-configure-quality-gates","tea","tea/workflows/testarch/bmad-testarch-ci/steps-c/step-03-configure-quality-gates.md","1cc5806ea70324647afe1c2859bde6e913c07f5237c8e14a9660e7ff3e694d90"
"md","step-03-gather-evidence","tea","tea/workflows/testarch/bmad-testarch-nfr/steps-c/step-03-gather-evidence.md","c368365184cf0e856475ea92caf4720c131503fac4b1875fc788aafb46426905"
"md","step-03-generate-tests","tea","tea/workflows/testarch/bmad-testarch-automate/steps-c/step-03-generate-tests.md","5af5866e8499f49bb981b822a4f1b3900313f48571736cd71088649526f2755e"
"md","step-03-map-criteria","tea","tea/workflows/testarch/bmad-testarch-trace/steps-c/step-03-map-criteria.md","c63e4d49a4482954cf0c4ed46da1d1bec10bf2ed2b9e7aab11bc01a09258c397"
"md","step-03-quality-evaluation","tea","tea/workflows/testarch/bmad-testarch-test-review/steps-c/step-03-quality-evaluation.md","479d8d79409a5c0cb5e79592d7f2020468f83d6c9949b97f2f21b7dcdab327df"
"md","step-03-risk-and-testability","tea","tea/workflows/testarch/bmad-testarch-test-design/steps-c/step-03-risk-and-testability.md","6c4eb82baee2e2df0f6b27a66f3622668175c1ffee0f1130c6ec212f1087bcaf"
"md","step-03-scaffold-framework","tea","tea/workflows/testarch/bmad-testarch-framework/steps-c/step-03-scaffold-framework.md","9771bbe283661b005556d7ff4e1081e91244c787a44d8b8476a8ad4aa930dc07"
"md","step-03-session-menu","tea","tea/workflows/testarch/bmad-teach-me-testing/steps-c/step-03-session-menu.md","b1c5c2bf98414f6abd00fea5f70cdc5193276f04b07fc273f1ac57f300f513aa"
"md","step-03-test-strategy","tea","tea/workflows/testarch/bmad-testarch-atdd/steps-c/step-03-test-strategy.md","faa28c2a9f6ea377f3a126f518c69883ba0b0c8c48ff2c1b96b52829e4660c3b"
"md","step-03a-subagent-api","tea","tea/workflows/testarch/bmad-testarch-automate/steps-c/step-03a-subagent-api.md","71565a55975b6c06000a9715b18575c178fb52df103efeedbe0d1bd0550675af"
"md","step-03a-subagent-determinism","tea","tea/workflows/testarch/bmad-testarch-test-review/steps-c/step-03a-subagent-determinism.md","b5cf5ff89e824d847176e4aac0184dac9e6b8a33cef09cbf4604bf83fdff230d"
"md","step-03b-subagent-backend","tea","tea/workflows/testarch/bmad-testarch-automate/steps-c/step-03b-subagent-backend.md","d9719af73e9bb7fc43249a9a712a2daf29ff6ede4ab0d44b777b76f344af4630"
"md","step-03b-subagent-e2e","tea","tea/workflows/testarch/bmad-testarch-automate/steps-c/step-03b-subagent-e2e.md","016ea8f5afaa757f40db132d9d991a4fd55ee39a1973994b8f59cde4779fc429"
"md","step-03b-subagent-isolation","tea","tea/workflows/testarch/bmad-testarch-test-review/steps-c/step-03b-subagent-isolation.md","62a83761508cf093e9ad03011a5ed497ccc0845f75c4c1f0aaf41b817048cc79"
"md","step-03b-subagent-mobile","tea","tea/workflows/testarch/bmad-testarch-automate/steps-c/step-03b-subagent-mobile.md","d7d1e806122fdcf20492de3515945d8a711c203d1474b607e59f322d88eeaba1"
"md","step-03c-aggregate","tea","tea/workflows/testarch/bmad-testarch-automate/steps-c/step-03c-aggregate.md","62ee8d3b0f5e8defde0cbb6887316c1c9d6041106ce6efdaa0f3d543a8aff558"
"md","step-03c-subagent-maintainability","tea","tea/workflows/testarch/bmad-testarch-test-review/steps-c/step-03c-subagent-maintainability.md","d86e9e2cba0aeb67c6f469b4cf20156612fa59a0957a2931d849998c922882a0"
"md","step-03e-subagent-performance","tea","tea/workflows/testarch/bmad-testarch-test-review/steps-c/step-03e-subagent-performance.md","46a16cafe70837f829ea5ed02db272d33955ed468c0ce014975afcccfbc5e680"
"md","step-03f-aggregate-scores","tea","tea/workflows/testarch/bmad-testarch-test-review/steps-c/step-03f-aggregate-scores.md","55c87f8337f07617e851557b6baadec11de6b5d236ca3108a8aa45c40953fb85"
"md","step-04-analyze-gaps","tea","tea/workflows/testarch/bmad-testarch-trace/steps-c/step-04-analyze-gaps.md","a852f45f628d1b378d67f3a6e5770e02ba092029961fa81ca5fabc98bf865f25"
"md","step-04-coverage-plan","tea","tea/workflows/testarch/bmad-testarch-test-design/steps-c/step-04-coverage-plan.md","ab1a4d8ceeb95fae35320c75e088af3a868b9a6da6ccd07b8f834a52abab0ecc"
"md","step-04-docs-and-scripts","tea","tea/workflows/testarch/bmad-testarch-framework/steps-c/step-04-docs-and-scripts.md","6b5f46e58a54cc2f64f666eff5feb312f3e4b9db8ea69d489fd33deffea70158"
"md","step-04-evaluate-and-score","tea","tea/workflows/testarch/bmad-testarch-nfr/steps-c/step-04-evaluate-and-score.md","4076849104e542f4445fde8db694f79334ab00ae3a54ed1fbc5725850424ce50"
"md","step-04-generate-report","tea","tea/workflows/testarch/bmad-testarch-test-review/steps-c/step-04-generate-report.md","28cd6f727b3bf343e5080d6bb74eaa53796a2205a895dce2cd475b5865894f52"
"md","step-04-generate-tests","tea","tea/workflows/testarch/bmad-testarch-atdd/steps-c/step-04-generate-tests.md","25650f9a73c5238c4e015769e69b12f435fd561cb5eaf6e3a20e723f2b4d2a27"
"md","step-04-session-01","tea","tea/workflows/testarch/bmad-teach-me-testing/steps-c/step-04-session-01.md","6dda1cfcf023ccc0ac8770995aced77840461634c1eb73cfa1f0c7082e239174"
"md","step-04-session-02","tea","tea/workflows/testarch/bmad-teach-me-testing/steps-c/step-04-session-02.md","ce8410508ddacfaaac65e4bfe72ca5a07cfcd750523c8d31080d8da461cb0f16"
"md","step-04-session-03","tea","tea/workflows/testarch/bmad-teach-me-testing/steps-c/step-04-session-03.md","c5edcfed818b301661e9dad16642aa5eea626d8ef3177536be6e8e37991963eb"
"md","step-04-session-04","tea","tea/workflows/testarch/bmad-teach-me-testing/steps-c/step-04-session-04.md","ed2c7f9d221dcf77dd9739c20949bc035490246c2a72d836c3d7bf5095aa69fc"
"md","step-04-session-05","tea","tea/workflows/testarch/bmad-teach-me-testing/steps-c/step-04-session-05.md","80c9c0d9e4713b9f5af337ed38ad083f71f8331ed45db9e48e5807aa93eb56a3"
"md","step-04-session-06","tea","tea/workflows/testarch/bmad-teach-me-testing/steps-c/step-04-session-06.md","bd6e13e510ae83c7ea9de05a32f67899606ae68210f22cdd5646a940cf94732f"
"md","step-04-session-07","tea","tea/workflows/testarch/bmad-teach-me-testing/steps-c/step-04-session-07.md","5ac6a0b4c9ddb1d9706ee09fc4b1b97713a577734477d2f0f2a4590ba05fdf4c"
"md","step-04-validate-and-summarize","tea","tea/workflows/testarch/bmad-testarch-automate/steps-c/step-04-validate-and-summarize.md","19064cf5a2e4ebc711e3669d21894c1f1dcfb3dc14e3f4cae8789e1597e8d114"
"md","step-04-validate-and-summary","tea","tea/workflows/testarch/bmad-testarch-ci/steps-c/step-04-validate-and-summary.md","0eb0108a89afb6f682a4badb07093a3ad441717f701d99af4345358787ebd1da"
"md","step-04a-subagent-api-failing","tea","tea/workflows/testarch/bmad-testarch-atdd/steps-c/step-04a-subagent-api-failing.md","a1e77f679372578bfdc95cb43138aab194574fd3000fbad9448160dd0baaea0b"
"md","step-04a-subagent-security","tea","tea/workflows/testarch/bmad-testarch-nfr/steps-c/step-04a-subagent-security.md","a0cf51db257c35dc06878d4f7fd3778635db9c824ae59c84be16292b2a2cf373"
"md","step-04b-subagent-e2e-failing","tea","tea/workflows/testarch/bmad-testarch-atdd/steps-c/step-04b-subagent-e2e-failing.md","f1cc1de48701dc3ecc2a16d9866d5f8bcdcd56454ee8c1a6641800df4d042ce7"
"md","step-04b-subagent-performance","tea","tea/workflows/testarch/bmad-testarch-nfr/steps-c/step-04b-subagent-performance.md","66e3c61ec432b844908fe16963d067fc2032113a0ee60e4d298624a35d2683b3"
"md","step-04c-aggregate","tea","tea/workflows/testarch/bmad-testarch-atdd/steps-c/step-04c-aggregate.md","bbe66a24b0278e56ce8725ae02a2cecc5b31624be1d71116e4be8dab9158fd72"
"md","step-04c-subagent-reliability","tea","tea/workflows/testarch/bmad-testarch-nfr/steps-c/step-04c-subagent-reliability.md","1e424d8047bb8c601a3aa29488b9365d27821555a3fc2fad12f447b4357af20d"
"md","step-04d-subagent-maintainability","tea","tea/workflows/testarch/bmad-testarch-nfr/steps-c/step-04d-subagent-maintainability.md","363fbc5af27a809ec68818ca9999bce86591aab0725d4bdd88d901205492066c"
"md","step-04e-aggregate-nfr","tea","tea/workflows/testarch/bmad-testarch-nfr/steps-c/step-04e-aggregate-nfr.md","6c905d1f66a4058c92b543fecdf1bfe6d48420fe21d8fb28e773209a88e0bdce"
"md","step-05-completion","tea","tea/workflows/testarch/bmad-teach-me-testing/steps-c/step-05-completion.md","62612e9e53dae81927b6ea9302303a56319e7834dac0a76d1fa97601cb6e9f56"
"md","step-05-gate-decision","tea","tea/workflows/testarch/bmad-testarch-trace/steps-c/step-05-gate-decision.md","a59f789c024a68f105e8c80110188ed8942dd56005e6437cb9c2b725c6ee4d2e"
"md","step-05-generate-output","tea","tea/workflows/testarch/bmad-testarch-test-design/steps-c/step-05-generate-output.md","e19d18f79f672f4193461026cb28c5bd659f6589975d6bdbcc9560a37c7b1920"
"md","step-05-generate-report","tea","tea/workflows/testarch/bmad-testarch-nfr/steps-c/step-05-generate-report.md","0256e40d72258f96e629c47d9e29a19d01398a5d1fe250134814dd020400b3fa"
"md","step-05-validate-and-complete","tea","tea/workflows/testarch/bmad-testarch-atdd/steps-c/step-05-validate-and-complete.md","ad9d660e39843cfbb90715c8f36dc1a4ac8261dabefcfbe14810158eef5045b1"
"md","step-05-validate-and-summary","tea","tea/workflows/testarch/bmad-testarch-framework/steps-c/step-05-validate-and-summary.md","1f7c5a528ab9cae67dbfa749970d722d9ba4ff12a160cc013615166b338aff43"
"md","step-e-01-assess-workflow","tea","tea/workflows/testarch/bmad-teach-me-testing/steps-e/step-e-01-assess-workflow.md","13ff5b3cb6c8bb13b62fd775ab6728fba131b61cce8a006285dc420179648315"
"md","step-e-02-apply-edits","tea","tea/workflows/testarch/bmad-teach-me-testing/steps-e/step-e-02-apply-edits.md","50c617352a95cf1930095aabd9594f8d83b1595243066301eecc89ae36cf603c"
"md","step-v-01-validate","tea","tea/workflows/testarch/bmad-teach-me-testing/steps-v/step-v-01-validate.md","ac0c2a9fbb9fc7cf9d3599d395df2ad673bb81b36f1520d47129b86bd33d8efb"
"md","tea-completion-summary.example","tea","tea/workflows/testarch/bmad-teach-me-testing/resources/tea-completion-summary.example.md","eb65840b3b2aa3a1aa5ccd33bba6cbb4956f46022df9b30a3b0658821ee76232"
"md","test-design-architecture-template","tea","tea/workflows/testarch/bmad-testarch-test-design/test-design-architecture-template.md","7002bc173a132b37a7056fc89db1c853eaa0018e095b16671a8ebef03be03e05"
"md","test-design-epic-3.example","tea","tea/workflows/testarch/bmad-testarch-test-design/resources/test-design-epic-3.example.md","7e9fbe72091e0224601109c32e6c1e7ec0179ceb7e7b6c04f0af4f551ed48997"
"md","test-design-handoff-template","tea","tea/workflows/testarch/bmad-testarch-test-design/test-design-handoff-template.md","2569b545622917e0ece923dd8771aacf0a59ca888793fda492484830f7228b6f"
"md","test-design-qa-template","tea","tea/workflows/testarch/bmad-testarch-test-design/test-design-qa-template.md","4b1ba627082468c4660b01dbec0e20982b8b4eb905bce880cf427d88e6c79b6a"
"md","test-design-template","tea","tea/workflows/testarch/bmad-testarch-test-design/test-design-template.md","639cc846ee8c803075fbef9d288da75f05f7023c079e83eaca763130f797e308"
"md","test-healing-patterns","tea","tea/agents/bmad-tea/resources/knowledge/test-healing-patterns.md","34f05dc40b5ead05d9c68299cb1a46f819338a4c8c928ab550a593e17f2b5464"
"md","test-healing-patterns","tea","tea/workflows/testarch/bmad-testarch-atdd/resources/knowledge/test-healing-patterns.md","34f05dc40b5ead05d9c68299cb1a46f819338a4c8c928ab550a593e17f2b5464"
"md","test-healing-patterns","tea","tea/workflows/testarch/bmad-testarch-automate/resources/knowledge/test-healing-patterns.md","34f05dc40b5ead05d9c68299cb1a46f819338a4c8c928ab550a593e17f2b5464"
"md","test-healing-patterns","tea","tea/workflows/testarch/bmad-testarch-ci/resources/knowledge/test-healing-patterns.md","34f05dc40b5ead05d9c68299cb1a46f819338a4c8c928ab550a593e17f2b5464"
"md","test-healing-patterns","tea","tea/workflows/testarch/bmad-testarch-framework/resources/knowledge/test-healing-patterns.md","34f05dc40b5ead05d9c68299cb1a46f819338a4c8c928ab550a593e17f2b5464"
"md","test-healing-patterns","tea","tea/workflows/testarch/bmad-testarch-nfr/resources/knowledge/test-healing-patterns.md","34f05dc40b5ead05d9c68299cb1a46f819338a4c8c928ab550a593e17f2b5464"
"md","test-healing-patterns","tea","tea/workflows/testarch/bmad-testarch-test-design/resources/knowledge/test-healing-patterns.md","34f05dc40b5ead05d9c68299cb1a46f819338a4c8c928ab550a593e17f2b5464"
"md","test-healing-patterns","tea","tea/workflows/testarch/bmad-testarch-test-review/resources/knowledge/test-healing-patterns.md","34f05dc40b5ead05d9c68299cb1a46f819338a4c8c928ab550a593e17f2b5464"
"md","test-healing-patterns","tea","tea/workflows/testarch/bmad-testarch-trace/resources/knowledge/test-healing-patterns.md","34f05dc40b5ead05d9c68299cb1a46f819338a4c8c928ab550a593e17f2b5464"
"md","test-levels-framework","tea","tea/agents/bmad-tea/resources/knowledge/test-levels-framework.md","5397ad467351c55a6c8ee0d7f2fc6fce3d123a0bee35c01af0f71aa90d8bd0ea"
"md","test-levels-framework","tea","tea/workflows/testarch/bmad-testarch-atdd/resources/knowledge/test-levels-framework.md","5397ad467351c55a6c8ee0d7f2fc6fce3d123a0bee35c01af0f71aa90d8bd0ea"
"md","test-levels-framework","tea","tea/workflows/testarch/bmad-testarch-automate/resources/knowledge/test-levels-framework.md","5397ad467351c55a6c8ee0d7f2fc6fce3d123a0bee35c01af0f71aa90d8bd0ea"
"md","test-levels-framework","tea","tea/workflows/testarch/bmad-testarch-ci/resources/knowledge/test-levels-framework.md","5397ad467351c55a6c8ee0d7f2fc6fce3d123a0bee35c01af0f71aa90d8bd0ea"
"md","test-levels-framework","tea","tea/workflows/testarch/bmad-testarch-framework/resources/knowledge/test-levels-framework.md","5397ad467351c55a6c8ee0d7f2fc6fce3d123a0bee35c01af0f71aa90d8bd0ea"
"md","test-levels-framework","tea","tea/workflows/testarch/bmad-testarch-nfr/resources/knowledge/test-levels-framework.md","5397ad467351c55a6c8ee0d7f2fc6fce3d123a0bee35c01af0f71aa90d8bd0ea"
"md","test-levels-framework","tea","tea/workflows/testarch/bmad-testarch-test-design/resources/knowledge/test-levels-framework.md","5397ad467351c55a6c8ee0d7f2fc6fce3d123a0bee35c01af0f71aa90d8bd0ea"
"md","test-levels-framework","tea","tea/workflows/testarch/bmad-testarch-test-review/resources/knowledge/test-levels-framework.md","5397ad467351c55a6c8ee0d7f2fc6fce3d123a0bee35c01af0f71aa90d8bd0ea"
"md","test-levels-framework","tea","tea/workflows/testarch/bmad-testarch-trace/resources/knowledge/test-levels-framework.md","5397ad467351c55a6c8ee0d7f2fc6fce3d123a0bee35c01af0f71aa90d8bd0ea"
"md","test-priorities-matrix","tea","tea/agents/bmad-tea/resources/knowledge/test-priorities-matrix.md","19ac5667879006896de98d60c2409bfc37db3c89dbe060bb944090eaf3ea4772"
"md","test-priorities-matrix","tea","tea/workflows/testarch/bmad-testarch-atdd/resources/knowledge/test-priorities-matrix.md","19ac5667879006896de98d60c2409bfc37db3c89dbe060bb944090eaf3ea4772"
"md","test-priorities-matrix","tea","tea/workflows/testarch/bmad-testarch-automate/resources/knowledge/test-priorities-matrix.md","19ac5667879006896de98d60c2409bfc37db3c89dbe060bb944090eaf3ea4772"
"md","test-priorities-matrix","tea","tea/workflows/testarch/bmad-testarch-ci/resources/knowledge/test-priorities-matrix.md","19ac5667879006896de98d60c2409bfc37db3c89dbe060bb944090eaf3ea4772"
"md","test-priorities-matrix","tea","tea/workflows/testarch/bmad-testarch-framework/resources/knowledge/test-priorities-matrix.md","19ac5667879006896de98d60c2409bfc37db3c89dbe060bb944090eaf3ea4772"
"md","test-priorities-matrix","tea","tea/workflows/testarch/bmad-testarch-nfr/resources/knowledge/test-priorities-matrix.md","19ac5667879006896de98d60c2409bfc37db3c89dbe060bb944090eaf3ea4772"
"md","test-priorities-matrix","tea","tea/workflows/testarch/bmad-testarch-test-design/resources/knowledge/test-priorities-matrix.md","19ac5667879006896de98d60c2409bfc37db3c89dbe060bb944090eaf3ea4772"
"md","test-priorities-matrix","tea","tea/workflows/testarch/bmad-testarch-test-review/resources/knowledge/test-priorities-matrix.md","19ac5667879006896de98d60c2409bfc37db3c89dbe060bb944090eaf3ea4772"
"md","test-priorities-matrix","tea","tea/workflows/testarch/bmad-testarch-trace/resources/knowledge/test-priorities-matrix.md","19ac5667879006896de98d60c2409bfc37db3c89dbe060bb944090eaf3ea4772"
"md","test-quality","tea","tea/agents/bmad-tea/resources/knowledge/test-quality.md","5afa995543a702f19617087b7ac24f1dc161d184fad81e98a036752f35e8b19e"
"md","test-quality","tea","tea/workflows/testarch/bmad-testarch-atdd/resources/knowledge/test-quality.md","5afa995543a702f19617087b7ac24f1dc161d184fad81e98a036752f35e8b19e"
"md","test-quality","tea","tea/workflows/testarch/bmad-testarch-automate/resources/knowledge/test-quality.md","5afa995543a702f19617087b7ac24f1dc161d184fad81e98a036752f35e8b19e"
"md","test-quality","tea","tea/workflows/testarch/bmad-testarch-ci/resources/knowledge/test-quality.md","5afa995543a702f19617087b7ac24f1dc161d184fad81e98a036752f35e8b19e"
"md","test-quality","tea","tea/workflows/testarch/bmad-testarch-framework/resources/knowledge/test-quality.md","5afa995543a702f19617087b7ac24f1dc161d184fad81e98a036752f35e8b19e"
"md","test-quality","tea","tea/workflows/testarch/bmad-testarch-nfr/resources/knowledge/test-quality.md","5afa995543a702f19617087b7ac24f1dc161d184fad81e98a036752f35e8b19e"
"md","test-quality","tea","tea/workflows/testarch/bmad-testarch-test-design/resources/knowledge/test-quality.md","5afa995543a702f19617087b7ac24f1dc161d184fad81e98a036752f35e8b19e"
"md","test-quality","tea","tea/workflows/testarch/bmad-testarch-test-review/resources/knowledge/test-quality.md","5afa995543a702f19617087b7ac24f1dc161d184fad81e98a036752f35e8b19e"
"md","test-quality","tea","tea/workflows/testarch/bmad-testarch-trace/resources/knowledge/test-quality.md","5afa995543a702f19617087b7ac24f1dc161d184fad81e98a036752f35e8b19e"
"md","test-review-template","tea","tea/workflows/testarch/bmad-testarch-test-review/test-review-template.md","54e5f2552d021d42a91292b57fb63bc253df23fff1f15eb152c0491178631bc5"
"md","test-review.example","tea","tea/workflows/testarch/bmad-testarch-test-review/resources/test-review.example.md","5b46c3d0ffa1cdf942e6b6c5c137688b5c548ddc9aa6bf2afafc7991aefbcd34"
"md","timing-debugging","tea","tea/agents/bmad-tea/resources/knowledge/timing-debugging.md","981ed2550a25690e9a4d64515b31bc5a4d6935fcc0137a800c9801fb21bc0e48"
"md","timing-debugging","tea","tea/workflows/testarch/bmad-testarch-atdd/resources/knowledge/timing-debugging.md","981ed2550a25690e9a4d64515b31bc5a4d6935fcc0137a800c9801fb21bc0e48"
"md","timing-debugging","tea","tea/workflows/testarch/bmad-testarch-automate/resources/knowledge/timing-debugging.md","981ed2550a25690e9a4d64515b31bc5a4d6935fcc0137a800c9801fb21bc0e48"
"md","timing-debugging","tea","tea/workflows/testarch/bmad-testarch-ci/resources/knowledge/timing-debugging.md","981ed2550a25690e9a4d64515b31bc5a4d6935fcc0137a800c9801fb21bc0e48"
"md","timing-debugging","tea","tea/workflows/testarch/bmad-testarch-framework/resources/knowledge/timing-debugging.md","981ed2550a25690e9a4d64515b31bc5a4d6935fcc0137a800c9801fb21bc0e48"
"md","timing-debugging","tea","tea/workflows/testarch/bmad-testarch-nfr/resources/knowledge/timing-debugging.md","981ed2550a25690e9a4d64515b31bc5a4d6935fcc0137a800c9801fb21bc0e48"
"md","timing-debugging","tea","tea/workflows/testarch/bmad-testarch-test-design/resources/knowledge/timing-debugging.md","981ed2550a25690e9a4d64515b31bc5a4d6935fcc0137a800c9801fb21bc0e48"
"md","timing-debugging","tea","tea/workflows/testarch/bmad-testarch-test-review/resources/knowledge/timing-debugging.md","981ed2550a25690e9a4d64515b31bc5a4d6935fcc0137a800c9801fb21bc0e48"
"md","timing-debugging","tea","tea/workflows/testarch/bmad-testarch-trace/resources/knowledge/timing-debugging.md","981ed2550a25690e9a4d64515b31bc5a4d6935fcc0137a800c9801fb21bc0e48"
"md","trace-template","tea","tea/workflows/testarch/bmad-testarch-trace/trace-template.md","fe7f6bfce4ba4ac9d7c8e34ac157f9fe949865bd662d4289c86476a765f9a155"
"md","traceability-matrix.example","tea","tea/workflows/testarch/bmad-testarch-trace/resources/traceability-matrix.example.md","02562989283726a12153f06dae8f87cc5baa7152e52e7ffae395bcd27995f8c7"
"md","visual-debugging","tea","tea/agents/bmad-tea/resources/knowledge/visual-debugging.md","c06729b0a8e278800fea1e3b195b1f9f644fe8ba3ed027e48d995157b638e557"
"md","visual-debugging","tea","tea/workflows/testarch/bmad-testarch-atdd/resources/knowledge/visual-debugging.md","c06729b0a8e278800fea1e3b195b1f9f644fe8ba3ed027e48d995157b638e557"
"md","visual-debugging","tea","tea/workflows/testarch/bmad-testarch-automate/resources/knowledge/visual-debugging.md","c06729b0a8e278800fea1e3b195b1f9f644fe8ba3ed027e48d995157b638e557"
"md","visual-debugging","tea","tea/workflows/testarch/bmad-testarch-ci/resources/knowledge/visual-debugging.md","c06729b0a8e278800fea1e3b195b1f9f644fe8ba3ed027e48d995157b638e557"
"md","visual-debugging","tea","tea/workflows/testarch/bmad-testarch-framework/resources/knowledge/visual-debugging.md","c06729b0a8e278800fea1e3b195b1f9f644fe8ba3ed027e48d995157b638e557"
"md","visual-debugging","tea","tea/workflows/testarch/bmad-testarch-nfr/resources/knowledge/visual-debugging.md","c06729b0a8e278800fea1e3b195b1f9f644fe8ba3ed027e48d995157b638e557"
"md","visual-debugging","tea","tea/workflows/testarch/bmad-testarch-test-design/resources/knowledge/visual-debugging.md","c06729b0a8e278800fea1e3b195b1f9f644fe8ba3ed027e48d995157b638e557"
"md","visual-debugging","tea","tea/workflows/testarch/bmad-testarch-test-review/resources/knowledge/visual-debugging.md","c06729b0a8e278800fea1e3b195b1f9f644fe8ba3ed027e48d995157b638e557"
"md","visual-debugging","tea","tea/workflows/testarch/bmad-testarch-trace/resources/knowledge/visual-debugging.md","c06729b0a8e278800fea1e3b195b1f9f644fe8ba3ed027e48d995157b638e557"
"md","webhook-module-setup","tea","tea/agents/bmad-tea/resources/knowledge/webhook-module-setup.md","5a3320f60b19c0791c16c5098aec8775f63e8e91169cdfd75584a97c76b4334a"
"md","webhook-module-setup","tea","tea/workflows/testarch/bmad-testarch-atdd/resources/knowledge/webhook-module-setup.md","5a3320f60b19c0791c16c5098aec8775f63e8e91169cdfd75584a97c76b4334a"
"md","webhook-module-setup","tea","tea/workflows/testarch/bmad-testarch-automate/resources/knowledge/webhook-module-setup.md","5a3320f60b19c0791c16c5098aec8775f63e8e91169cdfd75584a97c76b4334a"
"md","webhook-module-setup","tea","tea/workflows/testarch/bmad-testarch-ci/resources/knowledge/webhook-module-setup.md","5a3320f60b19c0791c16c5098aec8775f63e8e91169cdfd75584a97c76b4334a"
"md","webhook-module-setup","tea","tea/workflows/testarch/bmad-testarch-framework/resources/knowledge/webhook-module-setup.md","5a3320f60b19c0791c16c5098aec8775f63e8e91169cdfd75584a97c76b4334a"
"md","webhook-module-setup","tea","tea/workflows/testarch/bmad-testarch-nfr/resources/knowledge/webhook-module-setup.md","5a3320f60b19c0791c16c5098aec8775f63e8e91169cdfd75584a97c76b4334a"
"md","webhook-module-setup","tea","tea/workflows/testarch/bmad-testarch-test-design/resources/knowledge/webhook-module-setup.md","5a3320f60b19c0791c16c5098aec8775f63e8e91169cdfd75584a97c76b4334a"
"md","webhook-module-setup","tea","tea/workflows/testarch/bmad-testarch-test-review/resources/knowledge/webhook-module-setup.md","5a3320f60b19c0791c16c5098aec8775f63e8e91169cdfd75584a97c76b4334a"
"md","webhook-module-setup","tea","tea/workflows/testarch/bmad-testarch-trace/resources/knowledge/webhook-module-setup.md","5a3320f60b19c0791c16c5098aec8775f63e8e91169cdfd75584a97c76b4334a"
"md","webhook-providers","tea","tea/agents/bmad-tea/resources/knowledge/webhook-providers.md","c0eb938eb5dd5435592c2636657cc38ed0d173becda601657dc96efed7f1f2a3"
"md","webhook-providers","tea","tea/workflows/testarch/bmad-testarch-atdd/resources/knowledge/webhook-providers.md","c0eb938eb5dd5435592c2636657cc38ed0d173becda601657dc96efed7f1f2a3"
"md","webhook-providers","tea","tea/workflows/testarch/bmad-testarch-automate/resources/knowledge/webhook-providers.md","c0eb938eb5dd5435592c2636657cc38ed0d173becda601657dc96efed7f1f2a3"
"md","webhook-providers","tea","tea/workflows/testarch/bmad-testarch-ci/resources/knowledge/webhook-providers.md","c0eb938eb5dd5435592c2636657cc38ed0d173becda601657dc96efed7f1f2a3"
"md","webhook-providers","tea","tea/workflows/testarch/bmad-testarch-framework/resources/knowledge/webhook-providers.md","c0eb938eb5dd5435592c2636657cc38ed0d173becda601657dc96efed7f1f2a3"
"md","webhook-providers","tea","tea/workflows/testarch/bmad-testarch-nfr/resources/knowledge/webhook-providers.md","c0eb938eb5dd5435592c2636657cc38ed0d173becda601657dc96efed7f1f2a3"
"md","webhook-providers","tea","tea/workflows/testarch/bmad-testarch-test-design/resources/knowledge/webhook-providers.md","c0eb938eb5dd5435592c2636657cc38ed0d173becda601657dc96efed7f1f2a3"
"md","webhook-providers","tea","tea/workflows/testarch/bmad-testarch-test-review/resources/knowledge/webhook-providers.md","c0eb938eb5dd5435592c2636657cc38ed0d173becda601657dc96efed7f1f2a3"
"md","webhook-providers","tea","tea/workflows/testarch/bmad-testarch-trace/resources/knowledge/webhook-providers.md","c0eb938eb5dd5435592c2636657cc38ed0d173becda601657dc96efed7f1f2a3"
"md","webhook-risk-guidance","tea","tea/agents/bmad-tea/resources/knowledge/webhook-risk-guidance.md","e22b8a46be96c1548bba22aa1d0594c858f9fa9edd7fcc292f98d09e1b59c936"
"md","webhook-risk-guidance","tea","tea/workflows/testarch/bmad-testarch-atdd/resources/knowledge/webhook-risk-guidance.md","e22b8a46be96c1548bba22aa1d0594c858f9fa9edd7fcc292f98d09e1b59c936"
"md","webhook-risk-guidance","tea","tea/workflows/testarch/bmad-testarch-automate/resources/knowledge/webhook-risk-guidance.md","e22b8a46be96c1548bba22aa1d0594c858f9fa9edd7fcc292f98d09e1b59c936"
"md","webhook-risk-guidance","tea","tea/workflows/testarch/bmad-testarch-ci/resources/knowledge/webhook-risk-guidance.md","e22b8a46be96c1548bba22aa1d0594c858f9fa9edd7fcc292f98d09e1b59c936"
"md","webhook-risk-guidance","tea","tea/workflows/testarch/bmad-testarch-framework/resources/knowledge/webhook-risk-guidance.md","e22b8a46be96c1548bba22aa1d0594c858f9fa9edd7fcc292f98d09e1b59c936"
"md","webhook-risk-guidance","tea","tea/workflows/testarch/bmad-testarch-nfr/resources/knowledge/webhook-risk-guidance.md","e22b8a46be96c1548bba22aa1d0594c858f9fa9edd7fcc292f98d09e1b59c936"
"md","webhook-risk-guidance","tea","tea/workflows/testarch/bmad-testarch-test-design/resources/knowledge/webhook-risk-guidance.md","e22b8a46be96c1548bba22aa1d0594c858f9fa9edd7fcc292f98d09e1b59c936"
"md","webhook-risk-guidance","tea","tea/workflows/testarch/bmad-testarch-test-review/resources/knowledge/webhook-risk-guidance.md","e22b8a46be96c1548bba22aa1d0594c858f9fa9edd7fcc292f98d09e1b59c936"
"md","webhook-risk-guidance","tea","tea/workflows/testarch/bmad-testarch-trace/resources/knowledge/webhook-risk-guidance.md","e22b8a46be96c1548bba22aa1d0594c858f9fa9edd7fcc292f98d09e1b59c936"
"md","webhook-template-matchers","tea","tea/agents/bmad-tea/resources/knowledge/webhook-template-matchers.md","870957996a2d0f6e8ef03d85668c72730583465da4de228812a0c2040fcdb3c4"
"md","webhook-template-matchers","tea","tea/workflows/testarch/bmad-testarch-atdd/resources/knowledge/webhook-template-matchers.md","870957996a2d0f6e8ef03d85668c72730583465da4de228812a0c2040fcdb3c4"
"md","webhook-template-matchers","tea","tea/workflows/testarch/bmad-testarch-automate/resources/knowledge/webhook-template-matchers.md","870957996a2d0f6e8ef03d85668c72730583465da4de228812a0c2040fcdb3c4"
"md","webhook-template-matchers","tea","tea/workflows/testarch/bmad-testarch-ci/resources/knowledge/webhook-template-matchers.md","870957996a2d0f6e8ef03d85668c72730583465da4de228812a0c2040fcdb3c4"
"md","webhook-template-matchers","tea","tea/workflows/testarch/bmad-testarch-framework/resources/knowledge/webhook-template-matchers.md","870957996a2d0f6e8ef03d85668c72730583465da4de228812a0c2040fcdb3c4"
"md","webhook-template-matchers","tea","tea/workflows/testarch/bmad-testarch-nfr/resources/knowledge/webhook-template-matchers.md","870957996a2d0f6e8ef03d85668c72730583465da4de228812a0c2040fcdb3c4"
"md","webhook-template-matchers","tea","tea/workflows/testarch/bmad-testarch-test-design/resources/knowledge/webhook-template-matchers.md","870957996a2d0f6e8ef03d85668c72730583465da4de228812a0c2040fcdb3c4"
"md","webhook-template-matchers","tea","tea/workflows/testarch/bmad-testarch-test-review/resources/knowledge/webhook-template-matchers.md","870957996a2d0f6e8ef03d85668c72730583465da4de228812a0c2040fcdb3c4"
"md","webhook-template-matchers","tea","tea/workflows/testarch/bmad-testarch-trace/resources/knowledge/webhook-template-matchers.md","870957996a2d0f6e8ef03d85668c72730583465da4de228812a0c2040fcdb3c4"
"md","webhook-testing-fundamentals","tea","tea/agents/bmad-tea/resources/knowledge/webhook-testing-fundamentals.md","370eb1aa92df45939e72564ab94507999b7fa5156f482b85eb358a637fb03bcd"
"md","webhook-testing-fundamentals","tea","tea/workflows/testarch/bmad-testarch-atdd/resources/knowledge/webhook-testing-fundamentals.md","370eb1aa92df45939e72564ab94507999b7fa5156f482b85eb358a637fb03bcd"
"md","webhook-testing-fundamentals","tea","tea/workflows/testarch/bmad-testarch-automate/resources/knowledge/webhook-testing-fundamentals.md","370eb1aa92df45939e72564ab94507999b7fa5156f482b85eb358a637fb03bcd"
"md","webhook-testing-fundamentals","tea","tea/workflows/testarch/bmad-testarch-ci/resources/knowledge/webhook-testing-fundamentals.md","370eb1aa92df45939e72564ab94507999b7fa5156f482b85eb358a637fb03bcd"
"md","webhook-testing-fundamentals","tea","tea/workflows/testarch/bmad-testarch-framework/resources/knowledge/webhook-testing-fundamentals.md","370eb1aa92df45939e72564ab94507999b7fa5156f482b85eb358a637fb03bcd"
"md","webhook-testing-fundamentals","tea","tea/workflows/testarch/bmad-testarch-nfr/resources/knowledge/webhook-testing-fundamentals.md","370eb1aa92df45939e72564ab94507999b7fa5156f482b85eb358a637fb03bcd"
"md","webhook-testing-fundamentals","tea","tea/workflows/testarch/bmad-testarch-test-design/resources/knowledge/webhook-testing-fundamentals.md","370eb1aa92df45939e72564ab94507999b7fa5156f482b85eb358a637fb03bcd"
"md","webhook-testing-fundamentals","tea","tea/workflows/testarch/bmad-testarch-test-review/resources/knowledge/webhook-testing-fundamentals.md","370eb1aa92df45939e72564ab94507999b7fa5156f482b85eb358a637fb03bcd"
"md","webhook-testing-fundamentals","tea","tea/workflows/testarch/bmad-testarch-trace/resources/knowledge/webhook-testing-fundamentals.md","370eb1aa92df45939e72564ab94507999b7fa5156f482b85eb358a637fb03bcd"
"md","webhook-timeout-error","tea","tea/agents/bmad-tea/resources/knowledge/webhook-timeout-error.md","d1de89da9211ef4dd36faa6981940f6fb08d08e4358ec96a9e4ac3ff6091b1e1"
"md","webhook-timeout-error","tea","tea/workflows/testarch/bmad-testarch-atdd/resources/knowledge/webhook-timeout-error.md","d1de89da9211ef4dd36faa6981940f6fb08d08e4358ec96a9e4ac3ff6091b1e1"
"md","webhook-timeout-error","tea","tea/workflows/testarch/bmad-testarch-automate/resources/knowledge/webhook-timeout-error.md","d1de89da9211ef4dd36faa6981940f6fb08d08e4358ec96a9e4ac3ff6091b1e1"
"md","webhook-timeout-error","tea","tea/workflows/testarch/bmad-testarch-ci/resources/knowledge/webhook-timeout-error.md","d1de89da9211ef4dd36faa6981940f6fb08d08e4358ec96a9e4ac3ff6091b1e1"
"md","webhook-timeout-error","tea","tea/workflows/testarch/bmad-testarch-framework/resources/knowledge/webhook-timeout-error.md","d1de89da9211ef4dd36faa6981940f6fb08d08e4358ec96a9e4ac3ff6091b1e1"
"md","webhook-timeout-error","tea","tea/workflows/testarch/bmad-testarch-nfr/resources/knowledge/webhook-timeout-error.md","d1de89da9211ef4dd36faa6981940f6fb08d08e4358ec96a9e4ac3ff6091b1e1"
"md","webhook-timeout-error","tea","tea/workflows/testarch/bmad-testarch-test-design/resources/knowledge/webhook-timeout-error.md","d1de89da9211ef4dd36faa6981940f6fb08d08e4358ec96a9e4ac3ff6091b1e1"
"md","webhook-timeout-error","tea","tea/workflows/testarch/bmad-testarch-test-review/resources/knowledge/webhook-timeout-error.md","d1de89da9211ef4dd36faa6981940f6fb08d08e4358ec96a9e4ac3ff6091b1e1"
"md","webhook-timeout-error","tea","tea/workflows/testarch/bmad-testarch-trace/resources/knowledge/webhook-timeout-error.md","d1de89da9211ef4dd36faa6981940f6fb08d08e4358ec96a9e4ac3ff6091b1e1"
"md","webhook-waiting-querying","tea","tea/agents/bmad-tea/resources/knowledge/webhook-waiting-querying.md","3ecedc7828402df9daf30e2da909019d37046d03c76eff1f8a7394b1c55d96bf"
"md","webhook-waiting-querying","tea","tea/workflows/testarch/bmad-testarch-atdd/resources/knowledge/webhook-waiting-querying.md","3ecedc7828402df9daf30e2da909019d37046d03c76eff1f8a7394b1c55d96bf"
"md","webhook-waiting-querying","tea","tea/workflows/testarch/bmad-testarch-automate/resources/knowledge/webhook-waiting-querying.md","3ecedc7828402df9daf30e2da909019d37046d03c76eff1f8a7394b1c55d96bf"
"md","webhook-waiting-querying","tea","tea/workflows/testarch/bmad-testarch-ci/resources/knowledge/webhook-waiting-querying.md","3ecedc7828402df9daf30e2da909019d37046d03c76eff1f8a7394b1c55d96bf"
"md","webhook-waiting-querying","tea","tea/workflows/testarch/bmad-testarch-framework/resources/knowledge/webhook-waiting-querying.md","3ecedc7828402df9daf30e2da909019d37046d03c76eff1f8a7394b1c55d96bf"
"md","webhook-waiting-querying","tea","tea/workflows/testarch/bmad-testarch-nfr/resources/knowledge/webhook-waiting-querying.md","3ecedc7828402df9daf30e2da909019d37046d03c76eff1f8a7394b1c55d96bf"
"md","webhook-waiting-querying","tea","tea/workflows/testarch/bmad-testarch-test-design/resources/knowledge/webhook-waiting-querying.md","3ecedc7828402df9daf30e2da909019d37046d03c76eff1f8a7394b1c55d96bf"
"md","webhook-waiting-querying","tea","tea/workflows/testarch/bmad-testarch-test-review/resources/knowledge/webhook-waiting-querying.md","3ecedc7828402df9daf30e2da909019d37046d03c76eff1f8a7394b1c55d96bf"
"md","webhook-waiting-querying","tea","tea/workflows/testarch/bmad-testarch-trace/resources/knowledge/webhook-waiting-querying.md","3ecedc7828402df9daf30e2da909019d37046d03c76eff1f8a7394b1c55d96bf"
"toml","customize","tea","tea/agents/bmad-tea/customize.toml","d2d411974680fdb6311b8bf39897d9eae0f95231c10089e1b3d46b214b16ef05"
"toml","customize","tea","tea/workflows/testarch/bmad-teach-me-testing/customize.toml","8db297b6b85680b792929e32eada28c926b7ded572e6f1811cfdfd2ddb924ce9"
"toml","customize","tea","tea/workflows/testarch/bmad-testarch-atdd/customize.toml","f05ccd498ac8e3f21d7b8e2e5ce6fe6ea6c0440a7cf3265125fc7ac91c42bf35"
"toml","customize","tea","tea/workflows/testarch/bmad-testarch-automate/customize.toml","3df22f27bb80e131e60643281edf332c11dc454a481b92465518c4fb2dfe5a45"
"toml","customize","tea","tea/workflows/testarch/bmad-testarch-ci/customize.toml","54a4f2994b95167e64cd276b918819201de9850d4cdc655d17fa09e9812ccdb1"
"toml","customize","tea","tea/workflows/testarch/bmad-testarch-framework/customize.toml","b9a5ab0b9cb965d68654e88baed9fe432131a8d48a0f1bf6ed5e3571f109da28"
"toml","customize","tea","tea/workflows/testarch/bmad-testarch-nfr/customize.toml","ab3724b7db58a49bf019a141622b9ddee73cb25f86fec997e452fe5651967413"
"toml","customize","tea","tea/workflows/testarch/bmad-testarch-test-design/customize.toml","bcbe3f2b79e75a2de224d993af32067ec55df2ba66deb81df2261c275e995f5e"
"toml","customize","tea","tea/workflows/testarch/bmad-testarch-test-review/customize.toml","988fed94a5ac0d3d3bbedebd9f7d2b9a2d9b7151bf770705d049d03e1d9ba47a"
"toml","customize","tea","tea/workflows/testarch/bmad-testarch-trace/customize.toml","13fafc5db15f5d77a41a0e0ac7dd76155a7fea38c8c449c7a9c86caa8f3ed125"
"yaml","azure-pipelines-template","tea","tea/workflows/testarch/bmad-testarch-ci/azure-pipelines-template.yaml","d4e48de5edc5603872995a15289c736a26cee61b1f0c634fef2c7e957deadb3d"
"yaml","config","tea","tea/config.yaml","de4395af2cf6236cc6ce6100698e4e61bbef56b7f2d6979aa13a316b0735a722"
"yaml","curriculum","tea","tea/workflows/testarch/bmad-teach-me-testing/data/curriculum.yaml","980d5e2c7d80fe5cff00047a73548d2e0d7d851627567fc7005ce07b8dd30889"
"yaml","github-actions-template","tea","tea/workflows/testarch/bmad-testarch-ci/github-actions-template.yaml","ab958973e3db5f207c02aca9382f918754d516bf1c93b6aae3b17174210e84d3"
"yaml","gitlab-ci-template","tea","tea/workflows/testarch/bmad-testarch-ci/gitlab-ci-template.yaml","a5b151216164f463fc5dd5f23087a361cdfd60a67e0b150be962c18323ef75fe"
"yaml","harness-pipeline-template","tea","tea/workflows/testarch/bmad-testarch-ci/harness-pipeline-template.yaml","d6deb2934143fd04ec71789cb43be9227bf40a91f527b1997233e27a346d5cc7"
"yaml","progress-template","tea","tea/workflows/testarch/bmad-teach-me-testing/templates/progress-template.yaml","8f6104284e982b8c76b4f3b5386dad477fdbb3b32d9e31a2df7bbaf855b5f5ee"
"yaml","quiz-questions","tea","tea/workflows/testarch/bmad-teach-me-testing/data/quiz-questions.yaml","a308173a406edb8f2ab05d373640565c2f677463cdbcbae866ce5c811ce121c7"
"yaml","role-paths","tea","tea/workflows/testarch/bmad-teach-me-testing/data/role-paths.yaml","a7fe5f92b0be5bc457d81bdfe458938bdbbd67dd3f40ede7006814d70e75a60c"
"yaml","session-content-map","tea","tea/workflows/testarch/bmad-teach-me-testing/data/session-content-map.yaml","411553a563ef04070c73c0d626a39cad3da934bcc091b3f069903519275d52f8"
"yaml","tea-resources-index","tea","tea/workflows/testarch/bmad-teach-me-testing/data/tea-resources-index.yaml","300d6b10dc29f36e8767daf1a9c3577fc4b1d7b4faf32c9b70720a1ecd2ae53e"
"yaml","workflow","tea","tea/workflows/testarch/bmad-testarch-atdd/workflow.yaml","55bb3cf1c6c2158c9a146f66a02294193324fe47c72626bedb08e73b359e3cac"
"yaml","workflow","tea","tea/workflows/testarch/bmad-testarch-automate/workflow.yaml","31aa0de4052cbe9897d830fca64e75b1ad02619b5fea0e47bd6187a67b42f37e"
"yaml","workflow","tea","tea/workflows/testarch/bmad-testarch-ci/workflow.yaml","856084f71dce2265351d9fd4de141b2b5581605d1e1bf949303ba3033ce77c5f"
"yaml","workflow","tea","tea/workflows/testarch/bmad-testarch-framework/workflow.yaml","96bd1a10c3f9b02aa16b5c6e449e31091e3b89c1ea11a587fd111383d7fd81fc"
"yaml","workflow","tea","tea/workflows/testarch/bmad-testarch-nfr/workflow.yaml","dcf080fcf0f65efb96dcb9b80c664f1c298acda4a399fdf2e973605f89284c43"
"yaml","workflow","tea","tea/workflows/testarch/bmad-testarch-test-design/workflow.yaml","6d95c11b26eaea13ff74b0c83338d3071388acb9a2d43f6b5a45c810262b5d3f"
"yaml","workflow","tea","tea/workflows/testarch/bmad-testarch-test-review/workflow.yaml","87f7805936b3bde47a0c903b92896bae26f7efc3b39afcf018ee586fad8e4914"
"yaml","workflow","tea","tea/workflows/testarch/bmad-testarch-trace/workflow.yaml","ddb9bf4a8b67b66d3ce2c9b858fe9ff924e6c99375b146c744c61ef032406c7e"
"css","dev-mode","wds","wds/workflows/wds-5-agentic-development/templates/components/dev-mode.css","66205b158e3db190d8c4376ff7cd9afd09115091d81250bcf45404d5a0e42c38"
"csv","module-help","wds","wds/module-help.csv","861a6b3747020fc60e4d7c0761b292c2311117e4e6768127e6ee28ae0c355b3c"
"html","catalog.template","wds","wds/workflows/wds-0-project-setup/resources/wds-7-design-system/templates/catalog.template.html","5977cb7864c8dd52f59a1c4fc92dd6b3b64b01d28aad429cab6e1ca8f85aa6b6"
"html","catalog.template","wds","wds/workflows/wds-7-design-system/templates/catalog.template.html","5977cb7864c8dd52f59a1c4fc92dd6b3b64b01d28aad429cab6e1ca8f85aa6b6"
"html","dev-mode","wds","wds/workflows/wds-5-agentic-development/templates/components/dev-mode.html","8fe2f740b2d3b391450c0e9b83ae97baacbb1fef92fc74f7b480d3b2cdca9e56"
"html","page-template","wds","wds/workflows/wds-5-agentic-development/templates/page-template.html","0453471ec5ad205368bc2d3661c6bf0515d4f17e6d662067b24521503f829df4"
"js","dev-mode","wds","wds/workflows/wds-5-agentic-development/templates/components/dev-mode.js","9569a359873cce0482944bd8deb47f4ab8bd7178132ec3c337b52bf996164c81"
"js","wds-add-object","wds","wds/scripts/wds-add-object.js","3dc5b4133434415aae903e3f93904404f9af9bd36774e9ee1ef60fab506c2524"
"js","wds-add-spacing","wds","wds/scripts/wds-add-spacing.js","c6dbfe9e6ec0e7a8837c14c4e21656838f8f7c55e089037538f0c2fa41912660"
"js","wds-init-page","wds","wds/scripts/wds-init-page.js","e1290e5c1c3627c9328d9c011eaf9e53c6402d04b5014623568f3280de88433b"
"js","wds-init-scenario","wds","wds/scripts/wds-init-scenario.js","4505a2465b991558343f9170edea728b08c1e9d5213280f8d87fd509484ee83f"
"js","wds-nav","wds","wds/scripts/wds-nav.js","306dd8d1d4ec6d091410f2bd5f96ec6abe5c0c53dba407bd7f7f081e95ca3b54"
"js","wds-validate","wds","wds/scripts/wds-validate.js","07a2a5f7a9785bfd37b5af0f79e048474ec5489a4e6bc7d225d9f6a745d701b9"
"json","demo-data-template","wds","wds/workflows/wds-5-agentic-development/templates/demo-data-template.json","d58ef54bbd4d4fc771c6ad937b7818fe883600942250567eb735e9a852b27f82"
"md","00-context","wds","wds/workflows/wds-0-project-setup/resources/wds-1-project-brief/templates/project-brief-dialog/00-context.md","7b77312ac45b30dda5cc9a13565d0907e510a0fa3e47ac6ee1c1a873f2213afe"
"md","00-context","wds","wds/workflows/wds-1-project-brief/templates/project-brief-dialog/00-context.md","7b77312ac45b30dda5cc9a13565d0907e510a0fa3e47ac6ee1c1a873f2213afe"
"md","00-design-log.template","wds","wds/workflows/wds-0-project-setup/templates/folder-guides/00-design-log.template.md","23b03e745cbc1353b1bc55c7679ee9f8fb74b10cf52a6977d4b3a50c723622f8"
"md","00-design-system.template","wds","wds/workflows/wds-0-project-setup/templates/folder-guides/00-design-system.template.md","6632e603b3028f5de51061a4f300a1b3857cf563ab4ff90b4475babd246e35c7"
"md","00-MODULAR-ARCHITECTURE-GUIDE","wds","wds/workflows/wds-4-ux-design/data/modular-architecture/00-MODULAR-ARCHITECTURE-GUIDE.md","43dcf16707e98336b15d6702c4d44035f024fefa2540c253e74c573ed85e060d"
"md","00-product-brief.template","wds","wds/workflows/wds-0-project-setup/templates/folder-guides/00-product-brief.template.md","8d078a72663b595a7d71aa90abccf073fd8735b376c898de2e86dafa5ca36fe8"
"md","00-project-info.template","wds","wds/workflows/wds-0-project-setup/resources/wds-1-project-brief/templates/00-project-info.template.md","e32730a1b31f31928a77e835dcf61abbbd717a6752dea845670ab5b076d48d4b"
"md","00-project-info.template","wds","wds/workflows/wds-1-project-brief/templates/00-project-info.template.md","e32730a1b31f31928a77e835dcf61abbbd717a6752dea845670ab5b076d48d4b"
"md","00-purpose-examples","wds","wds/workflows/wds-6-asset-generation/data/00-purpose-examples.md","d483bda4b0a4c008df918773ceccac755a040ed0bb2e06e2aea34fdf2f9defdb"
"md","00-trigger-map.template","wds","wds/workflows/wds-0-project-setup/templates/folder-guides/00-trigger-map.template.md","6940551245eca4f477cba2de70026cbcecc5779301f0049119cc9b8bf969a86b"
"md","00-ux-scenarios.template","wds","wds/workflows/wds-0-project-setup/templates/folder-guides/00-ux-scenarios.template.md","fb8f1edddc6fefa54955d74f656b92af6b9fbe48f16bcb19204eb9a00c832b4d"
"md","01-platform-confirmation","wds","wds/workflows/wds-4-ux-design/data/scenario-init/01-platform-confirmation.md","ead4df5ea65855c40b373e6626cf7b6ebce5cff424f0a005e01854c8e06801c4"
"md","01-start-understand-routing","wds","wds/workflows/wds-0-alignment-signoff/data/01-start-understand-routing.md","82ea07251d20e56ea6984ba3596c52ba4521f1c328d989e3868f1ce642c8a02a"
"md","01-what-are-storyboards","wds","wds/workflows/wds-4-ux-design/data/modular-architecture/02-workflows/01-what-are-storyboards.md","b614d3443c410c23c19541c5d8397d9a28d61139e89f8997c8d25653714a190f"
"md","01-when-to-use","wds","wds/workflows/wds-4-ux-design/data/modular-architecture/02-workflows/01-when-to-use.md","d847cae68ab3d8f2ab50bcbd58bd880f66b6db7d66a8b1d4c43e335f709750fb"
"md","02-explore-sections-routing","wds","wds/workflows/wds-0-alignment-signoff/data/02-explore-sections-routing.md","de73d171d90b85f030e5ac89325fc5d26d577389e417af88df89f3dfff16ea6c"
"md","02-feature-selection","wds","wds/workflows/wds-4-ux-design/data/scenario-init/02-feature-selection.md","8be79ef99fdd571db19e6917e1dc61fda6c1888a9fb339a7d0ee19ab545664e5"
"md","02-file-structure","wds","wds/workflows/wds-4-ux-design/data/modular-architecture/02-workflows/02-file-structure.md","47d4680ee09d5dc4a05edbf28ea81493ea9fbe340320e85ae7b6e65fc8f26e14"
"md","02-vision","wds","wds/workflows/wds-0-project-setup/resources/wds-1-project-brief/templates/project-brief-dialog/02-vision.md","c9364cdd8ecb2f09ea68b0cb8bb5da3deee6492706b599f5cf19164e79d563f1"
"md","02-vision","wds","wds/workflows/wds-1-project-brief/templates/project-brief-dialog/02-vision.md","c9364cdd8ecb2f09ea68b0cb8bb5da3deee6492706b599f5cf19164e79d563f1"
"md","03-action-filter-example","wds","wds/workflows/wds-6-asset-generation/data/03-action-filter-example.md","d926769beb4c41869311132c02eeaff833978997c639d6ad11894bf7012e5707"
"md","03-entry-point","wds","wds/workflows/wds-4-ux-design/data/scenario-init/03-entry-point.md","1e4f852b5c7e7d7f8fdd882925b364dcccc1df5fb89f0124aebcc3b3e8d4941d"
"md","03-synthesize-present-routing","wds","wds/workflows/wds-0-alignment-signoff/data/03-synthesize-present-routing.md","ea69bcde39b7d0bf445dcc916e99fb86377aa374a997ee8f1dc3e483b92387c5"
"md","03-users","wds","wds/workflows/wds-0-project-setup/resources/wds-1-project-brief/templates/project-brief-dialog/03-users.md","bf53a30b2a29f2980521bb39c64f0b9f874aa11da9ff4a0263ca0aa675d02462"
"md","03-users","wds","wds/workflows/wds-1-project-brief/templates/project-brief-dialog/03-users.md","bf53a30b2a29f2980521bb39c64f0b9f874aa11da9ff4a0263ca0aa675d02462"
"md","04-badass-users-principles","wds","wds/workflows/wds-6-asset-generation/data/04-badass-users-principles.md","96408c70881cd9d2f22b274e6c511b9bb6a375b6a1e2e5b845f88af9981cf871"
"md","04-concept","wds","wds/workflows/wds-0-project-setup/resources/wds-1-project-brief/templates/project-brief-dialog/04-concept.md","266b12bb918a2421e410f55f80e0472e5945f522294d72fa152bbf9454b31caf"
"md","04-concept","wds","wds/workflows/wds-1-project-brief/templates/project-brief-dialog/04-concept.md","266b12bb918a2421e410f55f80e0472e5945f522294d72fa152bbf9454b31caf"
"md","04-example-empowerment-frame","wds","wds/workflows/wds-6-asset-generation/data/04-example-empowerment-frame.md","efab363cd43e0efab5d852cfaec7ed0dc360f67e8d499b684ce6e29112002d89"
"md","04-generate-signoff-routing","wds","wds/workflows/wds-0-alignment-signoff/data/04-generate-signoff-routing.md","29bed34a0e41d8b26d7583a638f4c53f90dec2cf4d1572aa7e87fa9626d9ac5b"
"md","04-mental-state","wds","wds/workflows/wds-4-ux-design/data/scenario-init/04-mental-state.md","b55f33ef055f86e52704c16af0eb6f71309c5f405869ca8619fd93ccbef40822"
"md","05-build-contract-routing","wds","wds/workflows/wds-0-alignment-signoff/data/05-build-contract-routing.md","a349b5012a8b14ea7bb4c28abe66b18306a517a558f04ac10ce6160cb64ae18a"
"md","05-example-golden-circle","wds","wds/workflows/wds-6-asset-generation/data/05-example-golden-circle.md","de173a7b6108866df003569030a7f715ccbb4dd58519353c12f2d399a3fd7c21"
"md","05-golden-circle-guide","wds","wds/workflows/wds-6-asset-generation/data/05-golden-circle-guide.md","ea5961e69c5df7f0a0b1c7ac5c7c0d8585d8a13dede8f3741aa0a321f5929abc"
"md","05-mutual-success","wds","wds/workflows/wds-4-ux-design/data/scenario-init/05-mutual-success.md","efdde599cfd1dbfecc15384973b2d5981ea843ac828fe17f4876d01e096bed96"
"md","06-build-signoff-internal-routing","wds","wds/workflows/wds-0-alignment-signoff/data/06-build-signoff-internal-routing.md","a7f80d3d837abec167cd0e0103e516026d9d51b86b5fc154bc09dc1ae8d27bff"
"md","06-example-hairdresser-newsletter","wds","wds/workflows/wds-6-asset-generation/data/06-example-hairdresser-newsletter.md","ddf1cfd29dfb468fddb21da631c4c68b5c15ecfa7833922cf68f45a3cc52cb14"
"md","06-generation-instructions","wds","wds/workflows/wds-6-asset-generation/data/06-generation-instructions.md","1013e44cd7bf752b5575f79a7caa61e76939e86187482ef8663bd328dbe0d9e8"
"md","06-inspiration","wds","wds/workflows/wds-0-project-setup/resources/wds-1-project-brief/templates/project-brief-dialog/06-inspiration.md","3093f3fabff3496fcbaec4956bc72f88d6a9d80143c41b4019ba877fea08564b"
"md","06-inspiration","wds","wds/workflows/wds-1-project-brief/templates/project-brief-dialog/06-inspiration.md","3093f3fabff3496fcbaec4956bc72f88d6a9d80143c41b4019ba877fea08564b"
"md","06-shortest-path","wds","wds/workflows/wds-4-ux-design/data/scenario-init/06-shortest-path.md","6fb8de48b22d06d09432aca75588419d4a7f681b45a7832e3e84a7c3e46dfb03"
"md","07-positioning","wds","wds/workflows/wds-0-project-setup/resources/wds-1-project-brief/templates/project-brief-dialog/07-positioning.md","cd49316013f254718e73c474b5baff939c79016ba4073dd1ce1907e8cdfe3a62"
"md","07-positioning","wds","wds/workflows/wds-1-project-brief/templates/project-brief-dialog/07-positioning.md","cd49316013f254718e73c474b5baff939c79016ba4073dd1ce1907e8cdfe3a62"
"md","07-reference-trigger-map","wds","wds/workflows/wds-4-ux-design/data/scenario-init/07-reference-trigger-map.md","11842b25c96eeb183f6c3f5a430e49cd9d2e140acecddcc07f9b7fab3b2df336"
"md","1-prototype-setup","wds","wds/workflows/wds-5-agentic-development/steps-p/1-prototype-setup.md","077a00198a084885c23618619bba4a0febd2a6359cb13c4c29f1bbe361f976eb"
"md","2-scenario-analysis","wds","wds/workflows/wds-5-agentic-development/steps-p/2-scenario-analysis.md","b16926dd6b82d0d5a98d87e74911afb44308b5fbe8498432acf3cbc591971253"
"md","3-logical-view-breakdown","wds","wds/workflows/wds-5-agentic-development/steps-p/3-logical-view-breakdown.md","87ab3080c8391359a784b098bb79acbc3c58197317cb749bb1fe30f79662fba5"
"md","3d-render","wds","wds/workflows/wds-6-asset-generation/data/styles/content-styles/3d-render.md","e2026605235e6a2456a556e4ea6792cc53dcddefabcbf71e9de388cec45c4d2a"
"md","4a-announce-and-gather","wds","wds/workflows/wds-5-agentic-development/steps-p/4a-announce-and-gather.md","f64507c927f39597dc4f08dc8cf1ace329dcbc4be05566541aa932cf54474f8b"
"md","4b-create-story-file","wds","wds/workflows/wds-5-agentic-development/steps-p/4b-create-story-file.md","bdd511029d19fb8a7a0079a01032ac41393e7d35aa33c0c027c74ffcfea2b292"
"md","4c-implement-section","wds","wds/workflows/wds-5-agentic-development/steps-p/4c-implement-section.md","f5c97a6c0cc043b36e098288523ff073ea7db3556debd145337fbb5a7650e22d"
"md","4d-present-for-testing","wds","wds/workflows/wds-5-agentic-development/steps-p/4d-present-for-testing.md","63347413d7c45883ea8bf06a0887d9a22cf9f82dd4094735877da2f896f9e39a"
"md","4e-handle-issue","wds","wds/workflows/wds-5-agentic-development/steps-p/4e-handle-issue.md","a08a0e4b57dc3f2e04e0faac86b3c118348d9d211eeda4d29d6d76ef660f6c6a"
"md","4f-handle-improvement","wds","wds/workflows/wds-5-agentic-development/steps-p/4f-handle-improvement.md","209905dc2f38e522f6e86af245642603bbcea819634d5c8895004a304760bb8c"
"md","4g-section-approved","wds","wds/workflows/wds-5-agentic-development/steps-p/4g-section-approved.md","00eb329f13791e1d090a9d54e0261eeecb4982b00af1df702b3524bb06b546ab"
"md","5-finalization","wds","wds/workflows/wds-5-agentic-development/steps-p/5-finalization.md","dd33cb306a77daf153c83b9b23b510537a4d29bfb9310c6fde6bc3d0ce60313e"
"md","accessibility-audit.workflow","wds","wds/workflows/wds-4-ux-design/templates/instructions/accessibility-audit.workflow.md","c7af3eea789a86d08104dba162024c06cdb1300b8c84e99a6b1b2256c1641463"
"md","accessibility.instructions","wds","wds/workflows/wds-4-ux-design/templates/instructions/accessibility.instructions.md","96305287de04e58280fbd9b5bc2d43bcb45c9b1cab7b33eb9c3f077ed716c653"
"md","agent-contracts","wds","wds/data/agent-contracts.md","fba89a7751012441b22f76affff05c7477546cbe0f44753c89d05f012a2071e8"
"md","agent-designer-collaboration","wds","wds/workflows/wds-4-ux-design/data/modular-architecture/00-foundation/agent-designer-collaboration.md","5aabd2f83b1c49a1b4d9f4f4cc28f823472e90c4c6f0f14c1980b364e903acd7"
"md","agentic-development","wds","wds/data/agent-guides/freya/agentic-development.md","2e4fa808a479c28124295a1abb65f9b9865bd06baa3e66d648e4eb89743d8d37"
"md","AGENTIC-DEVELOPMENT-GUIDE","wds","wds/workflows/wds-5-agentic-development/data/guides/AGENTIC-DEVELOPMENT-GUIDE.md","f4211ced1343cd57f07f5999dd1eabc1f0c7c77e8eb3985190b4bbabb1fa01df"
"md","audit-report.template","wds","wds/workflows/wds-4-ux-design/templates/audit-report.template.md","943d69886d7758c2832dfd3ee3a7407f6b352298485854467207cb0263dd0b0f"
"md","benefits","wds","wds/workflows/wds-4-ux-design/data/modular-architecture/03-quick-refs/benefits.md","0060c5d0efc115bdaa0b2635a1db6fee67004fd509f74ff79631a13315b59ead"
"md","booking-example","wds","wds/workflows/wds-4-ux-design/data/scenario-init/examples/booking-example.md","2bee85ea9414855f6fa40686d439cf9f81c1e92dd165f2b3c04fb465ffab6450"
"md","brutalist","wds","wds/workflows/wds-6-asset-generation/data/styles/design-styles/brutalist.md","60e1bc75dbe84fa9ecbda5d3ff2d4b081fdd7b6803c9d444a4885d125ebeffaf"
"md","business-goals-template","wds","wds/workflows/wds-2-trigger-mapping/data/business-goals-template.md","7a7166dcc702f912f2af7d688c3e64418527677a672b7337d6d9ac8b98344c27"
"md","button","wds","wds/workflows/wds-4-ux-design/data/object-types/templates/button.md","e71ac4211e68622fc16675e321ada94d0ee60e6d9f04c295b23f40c9a01bca46"
"md","client-profile.template","wds","wds/workflows/wds-1-project-brief/templates/client-profile.template.md","b4375ed8ff5cc98484b0cc3917fd7e3e7b8db4a28e621a1155c7d80825eb275a"
"md","comic-book","wds","wds/workflows/wds-6-asset-generation/data/styles/content-styles/comic-book.md","4ba5badc9c5ab3ae980afa32b64c4955ee78dc45d03bd0ec98dbc6d552ebfd0b"
"md","complexity-detection","wds","wds/workflows/wds-4-ux-design/data/modular-architecture/01-core-concepts/complexity-detection.md","a8b9a4ef9044116f4e0863fc41f18dbdb65c03a09e87abfef470a214c3737557"
"md","COMPLEXITY-ROUTER","wds","wds/workflows/wds-4-ux-design/data/object-types/COMPLEXITY-ROUTER.md","5500dd5078f20056941707481336adc67084f73f086eacef4d3a56c7ffa1f093"
"md","complexity-router-workflow","wds","wds/workflows/wds-4-ux-design/data/modular-architecture/02-workflows/complexity-router-workflow.md","116206855658b05c1bc9962a22348a97a57631513d2b7af0b413d9a7d92eecca"
"md","component-boundaries","wds","wds/data/design-system/component-boundaries.md","e27e8eb155f7fc20bd597ec0ae285f8dad7cd780ac700bd8c24a4a0bbf7f1a46"
"md","COMPONENT-FILE-STRUCTURE","wds","wds/workflows/wds-4-ux-design/data/modular-architecture/COMPONENT-FILE-STRUCTURE.md","d769083e363a969f40dc5c75d4a1029c6bd8e3759a097fff4e66355b01715c7d"
"md","component-library-config.template","wds","wds/workflows/wds-0-project-setup/resources/wds-7-design-system/templates/component-library-config.template.md","4a2ca297a9084296af62f6b76c900c2109922c44570f0ea6fb5578ef5ab22b1e"
"md","component-library-config.template","wds","wds/workflows/wds-7-design-system/templates/component-library-config.template.md","4a2ca297a9084296af62f6b76c900c2109922c44570f0ea6fb5578ef5ab22b1e"
"md","component.template","wds","wds/workflows/wds-0-project-setup/resources/wds-7-design-system/templates/component.template.md","7ddda295f496885e4f16d2772d850b12d930f86a672d6b7a331ab58370d67f69"
"md","component.template","wds","wds/workflows/wds-7-design-system/templates/component.template.md","7ddda295f496885e4f16d2772d850b12d930f86a672d6b7a331ab58370d67f69"
"md","content-creation","wds","wds/data/agent-guides/freya/content-creation.md","c92a24edc75e6f601402ff44ffe56658840568e6eaefb6272d9599d71c2ca9d6"
"md","content-creation-workshop-guide","wds","wds/workflows/wds-6-asset-generation/data/content-creation-workshop-guide.md","18d4fee4cfb6fe75a41740fb223cbf84cc4c89264e942cb011a95ffdb7337bf4"
"md","content-language.template","wds","wds/workflows/wds-0-project-setup/resources/wds-1-project-brief/templates/content-language.template.md","21f0c6d632ac7d725d991c9a3f8a285ba4e6613dd1bb1de13a388be0cec375f6"
"md","content-language.template","wds","wds/workflows/wds-1-project-brief/templates/content-language.template.md","21f0c6d632ac7d725d991c9a3f8a285ba4e6613dd1bb1de13a388be0cec375f6"
"md","content-output.template","wds","wds/workflows/wds-6-asset-generation/templates/content-output.template.md","45d1241543dddf273debfd17b15bfadfbb30326478011043dcd77090e38156bd"
"md","CONTENT-PLACEMENT-GUIDE","wds","wds/workflows/wds-4-ux-design/data/modular-architecture/CONTENT-PLACEMENT-GUIDE.md","ca4d55d936ebd3e07b0d2a297a9a24c643e49e4bf1579b4c4438b7c9a933cfce"
"md","content-placement-rules","wds","wds/workflows/wds-4-ux-design/data/modular-architecture/01-core-concepts/content-placement-rules.md","88fa9c3864f105e00d8a250585c306249816200b2c972b9db5dc83cb43dff70d"
"md","content-structure-principles","wds","wds/data/agent-guides/saga/content-structure-principles.md","4ece17ff6f59704459f8e7bf074412e46935dad6effb6525c74ed31a5b836620"
"md","context-templates","wds","wds/workflows/wds-8-product-evolution/data/context-templates.md","bc8e03ad55882db15dd73d2d9e226b8666e2927af8b98ae75266de123bdeef92"
"md","contract.template","wds","wds/workflows/wds-0-project-setup/resources/wds-1-project-brief/templates/contract.template.md","d00ae2506613bacea09ab4355b3f06ce9a080022029e8cbfdb7d40b85fb5b605"
"md","contract.template","wds","wds/workflows/wds-1-project-brief/templates/contract.template.md","d00ae2506613bacea09ab4355b3f06ce9a080022029e8cbfdb7d40b85fb5b605"
"md","conversational-followups","wds","wds/data/agent-guides/saga/conversational-followups.md","798427f7fe1025ee19c7f0294e5c308dd65b80f59990bfd4a62b700a9366c6db"
"md","corporate","wds","wds/workflows/wds-6-asset-generation/data/styles/design-styles/corporate.md","5a9c27cb3f02d8f3260e9f78edb79e2575e4427a3bfed665352080f0383db39b"
"md","CREATION-GUIDE","wds","wds/workflows/wds-5-agentic-development/data/guides/CREATION-GUIDE.md","459640a1f32a6603a1dafcd9bb80d1529c615c58745026ba262582fefafdcf0e"
"md","CROSS-PAGE-CONSISTENCY","wds","wds/workflows/wds-4-ux-design/data/modular-architecture/CROSS-PAGE-CONSISTENCY.md","1198cd512009ff5bff49b868b351294cb2b494aaabb57ecee160ef3c362f6f6f"
"md","data-api.instructions","wds","wds/workflows/wds-4-ux-design/templates/instructions/data-api.instructions.md","7f600a91fff234a08894641ef504e14b2145280123b014f31ad2f655d0bad730"
"md","decision-tree","wds","wds/workflows/wds-4-ux-design/data/modular-architecture/03-quick-refs/decision-tree.md","02e5ba68cc971ab5f89167b2426c410bb31f9775cac5420833c6a1ed7a51c335"
"md","decisions","wds","wds/workflows/wds-0-project-setup/resources/wds-1-project-brief/templates/project-brief-dialog/decisions.md","52cbec8baea34bab0b283cd2053c3e10e00bb223bdbd7e5b3bfa99495bd2664d"
"md","decisions","wds","wds/workflows/wds-1-project-brief/templates/project-brief-dialog/decisions.md","52cbec8baea34bab0b283cd2053c3e10e00bb223bdbd7e5b3bfa99495bd2664d"
"md","delivery-templates","wds","wds/workflows/wds-4-ux-design/data/delivery-templates.md","cb50f2a5d6065e6f22ba546f643e70c3f6b9068cf622af0e808a9f62e12adfb7"
"md","delivery-templates","wds","wds/workflows/wds-8-product-evolution/data/delivery-templates.md","41e3880eaa4fbda3854283913c864504377eedeea0cd98c26d66ae5f3256e44a"
"md","design-deliveries-guide","wds","wds/workflows/wds-4-ux-design/data/design-deliveries-guide.md","df36f618157cb799ece7ff6bab801855920111baa012708cd1e0e94b413e2ad3"
"md","DESIGN-LOOP-GUIDE","wds","wds/workflows/wds-4-ux-design/data/guides/DESIGN-LOOP-GUIDE.md","1965ae8194a174a1ee772cec8040b1bef4fd5c3268212c97e60f3c86aeb1e0e3"
"md","design-system","wds","wds/data/agent-guides/freya/design-system.md","8c1aac1342ab17cf8d7aa86be4067fdb23edd6c0b3adb12a83eb65ebfdab01e0"
"md","design-system","wds","wds/workflows/wds-0-project-setup/resources/agent-guides/freya/design-system.md","b124a9ae9af73fce0c023b87d40934ea6ead25024f2b6fa6663e0822842ea1fb"
"md","design-system-guide","wds","wds/workflows/wds-7-design-system/data/design-system-guide.md","5404f70281b1c62658582227f72a81d8c4f099d6af939c274432ba16bac7cb7f"
"md","design-templates","wds","wds/workflows/wds-8-product-evolution/data/design-templates.md","3f9cda260586928dd9266b0d8491d071165759d62121e0616a54425b3ee3adba"
"md","design-tokens.template","wds","wds/workflows/wds-0-project-setup/resources/wds-7-design-system/templates/design-tokens.template.md","11c2ad487c8922b150253053465dd3f09986a7fb039b2b5839951e0b406e61b2"
"md","design-tokens.template","wds","wds/workflows/wds-7-design-system/templates/design-tokens.template.md","11c2ad487c8922b150253053465dd3f09986a7fb039b2b5839951e0b406e61b2"
"md","DEV-MODE-GUIDE","wds","wds/workflows/wds-5-agentic-development/templates/components/DEV-MODE-GUIDE.md","9eaf1aef2dd5ac5aa194ab4e0eec907e7227bb3de3b61871f201d5f0dd4544fd"
"md","diagnostic-report-template","wds","wds/workflows/wds-4-ux-design/templates/diagnostic-report-template.md","452b90dfeac10efe2465d843bd46f6f9aae753f430c108b653911a39c7680a49"
"md","discovery-conversation","wds","wds/data/agent-guides/saga/discovery-conversation.md","607a74d25ee6eabed8e249df4a513cad3dffb59e0dc53b3321c48b622f2a346f"
"md","dream-up-approach","wds","wds/data/agent-guides/saga/dream-up-approach.md","631c4f07df62759255651b677ec45af9c39bb7db941185a1744e8e76e91947bc"
"md","ecommerce-example","wds","wds/workflows/wds-4-ux-design/data/scenario-init/examples/ecommerce-example.md","38854db62f920bc472b86d3299b33b74ce201e20dfffb1267aec228b205eaf2a"
"md","editorial","wds","wds/workflows/wds-6-asset-generation/data/styles/design-styles/editorial.md","b21a9861a7c2b61246701c22fbe83791e7b44dc7d8a478c56bef1303f0c2ec98"
"md","EXECUTION-PRINCIPLES","wds","wds/workflows/wds-5-agentic-development/data/guides/EXECUTION-PRINCIPLES.md","22f4f655f684b465c36eb72dd70c204615c14a159ae5f925a40c21f2f49b59f8"
"md","existing-product-guide","wds","wds/workflows/wds-8-product-evolution/data/existing-product-guide.md","2941657588bfaf55eaaaa1f415d0df16323c0a403d8d1d845ffd2b02fc3256de"
"md","feature-impact.template","wds","wds/workflows/wds-0-project-setup/resources/wds-2-trigger-mapping/templates/feature-impact.template.md","6a11ed2675f84a8a16ecae852423f6da94bc7f0dcc0e8f9d86c2c07b6d519444"
"md","feature-impact.template","wds","wds/workflows/wds-2-trigger-mapping/templates/feature-impact.template.md","6a11ed2675f84a8a16ecae852423f6da94bc7f0dcc0e8f9d86c2c07b6d519444"
"md","FEEDBACK-PROTOCOL","wds","wds/workflows/wds-5-agentic-development/data/guides/FEEDBACK-PROTOCOL.md","2506c1c9c3e49bf60e1c1d23bf5c8bef4ad9068df5ed23f5e9330db6b6e46cfd"
"md","figma-component-structure","wds","wds/data/design-system/figma-component-structure.md","4585a26028ffbe9e554dfae27d2800be0dff0c715475e09a473c8586e0b595cf"
"md","figma-designer-guide","wds","wds/workflows/wds-6-asset-generation/data/figma-designer-guide.md","db13e7e9f3f6eb85fa925bcbf15bc9d3abae0af514c9b11c978eef59407e568f"
"md","figma-integration-guide","wds","wds/workflows/wds-6-asset-generation/data/figma-integration-guide.md","3b79ecbf0e1ef1979a8b306e42053e78a528f4590af3252a138df5c30074b266"
"md","figma-integration-summary","wds","wds/workflows/wds-6-asset-generation/data/figma-integration-summary.md","581bf0bd35b743b6631c374eb305dbbd1199f480e32429ef79c39f9efe47d588"
"md","figma-mcp-integration","wds","wds/workflows/wds-6-asset-generation/data/figma-mcp-integration.md","d1537243a614dac4899a37209c9999773410db5a022658dea82b0652efbba14b"
"md","figma-plugin-setup","wds","wds/workflows/wds-6-asset-generation/data/figma-plugin-setup.md","ed51e625145ee803fac3d85469a8094e555f2c907e7e009368eaf3bd0a208fb3"
"md","figma-spec-preparation","wds","wds/workflows/wds-6-asset-generation/data/figma-spec-preparation.md","536c37f46510a1a424c2822e07d6d4de8aa29257debcad16449413b5dde27c5d"
"md","FILE-INDEX","wds","wds/workflows/wds-5-agentic-development/data/guides/FILE-INDEX.md","51e62452fcfb47582ed6684b3a634eb30fa64849553711993239d23c9aac4082"
"md","flat-design","wds","wds/workflows/wds-6-asset-generation/data/styles/content-styles/flat-design.md","6f0c6eace0b88a41f50853a1bf376c98c29ad458a1791fd167feb01e8197996c"
"md","flow-a-sketch","wds","wds/workflows/wds-4-ux-design/data/page-creation-flows/flow-a-sketch.md","0231a9f23eeef51ff50e909df2bd1424be6041922c1548b88c8b80c9aa1611ea"
"md","flow-b-verbal","wds","wds/workflows/wds-4-ux-design/data/page-creation-flows/flow-b-verbal.md","1a7a2842cca2ddcf91f232cf6598caf4a3e24719a0b15acda95cf7038aa73ce5"
"md","flow-c-ascii","wds","wds/workflows/wds-4-ux-design/data/page-creation-flows/flow-c-ascii.md","0216497a19b0f682de619cab7756a3619ac747fb0621514db696a746460f1b86"
"md","flow-d-reference","wds","wds/workflows/wds-4-ux-design/data/page-creation-flows/flow-d-reference.md","e29e08df82301781906860d5fbcd6a64d087872b313ff66d331892500f0205b4"
"md","flow-e-html","wds","wds/workflows/wds-4-ux-design/data/page-creation-flows/flow-e-html.md","0e6319ebbf921d7a685367c533619db6e23601d46bd01ece8b0ed658b64ec71c"
"md","form-validation.instructions","wds","wds/workflows/wds-4-ux-design/templates/instructions/form-validation.instructions.md","8508f0f575c15beb96c2a81d168fcd5267fe8c95f4f52bf752bfb30b9a575245"
"md","freya-how-i-help","wds","wds/data/presentations/freya-how-i-help.md","7202e7809a8443db46694bad6f09fc1520873c70d3d94b7633a84d355be747e3"
"md","freya-intro","wds","wds/data/presentations/freya-intro.md","a0ed955768397b6c452d9305ed79fa796622f4639e89556fdf0b5615f8a92682"
"md","freya-presentation","wds","wds/data/presentations/freya-presentation.md","ee0c367141cda18a6d5f19ce8ace64bad00dcbaea5b83d0178ccc7c2078d410a"
"md","freya-workflows-guide","wds","wds/data/presentations/freya-workflows-guide.md","84a386ba3a15cbdf712621521b57ba0d8bdbae13c378e414e4cc1d5ca532b97a"
"md","freya.activation","wds","wds/skills/freya.activation.md","7bea3aa1df27d13938784f15ad8946c74454a6e4a8d6084df3d44cabf63a7a65"
"md","git","wds","wds/skills/shared/git.md","49d2fb96042f1372c3e7f96290311313783f5e915547875fea80c2903fa06a29"
"md","handoff","wds","wds/skills/handoff.md","f1f3dbcf59a9c8879a7367ba164f6b0b98f4ac8be8c21ea73fa55d5c3c1031b7"
"md","handoff-dialog-scripts","wds","wds/workflows/wds-4-ux-design/data/handoff-dialog-scripts.md","e3056dc9b3823a833cb63f084d669de7bcfcd5935b3f04475d09cc2102e5901e"
"md","heading-text","wds","wds/workflows/wds-4-ux-design/data/object-types/templates/heading-text.md","46f96a30ee8f237a64f5f6ea697b64cc3ee18213a742874dbe55ea1f4671a333"
"md","HTML-VS-VISUAL-STYLES","wds","wds/workflows/wds-4-ux-design/data/guides/HTML-VS-VISUAL-STYLES.md","f4f19a45a7815ba310aa594591323cb57da2b6f05678381958cba789f4310a38"
"md","hyper-realistic","wds","wds/workflows/wds-6-asset-generation/data/styles/content-styles/hyper-realistic.md","90ed4eec17b0defe005ff2c0bfc7da3dd0f6dd7ff35c3e57f35a3c7a91146afc"
"md","illustration","wds","wds/workflows/wds-6-asset-generation/data/styles/content-styles/illustration.md","787083167408042842d9233843c0d86ec49cc49e63b97361d70fc0a8838ff08d"
"md","image","wds","wds/workflows/wds-4-ux-design/data/object-types/templates/image.md","fb8aebd1a4e578a87f4b6b32b1ebb9ad580d098175d674da09a000c1921ef16b"
"md","INLINE-TESTING-GUIDE","wds","wds/workflows/wds-5-agentic-development/data/guides/INLINE-TESTING-GUIDE.md","bc5001a82c6ad66368fd6f432673afff9b75d00654c462dd35a1af71aa0ca2c0"
"md","inspiration-analysis","wds","wds/data/agent-guides/saga/inspiration-analysis.md","a23f65059825f6448f508aecae6be9d68e7e960a03bdff28769aa8c77fc020fd"
"md","inspiration-analysis.template","wds","wds/workflows/wds-0-project-setup/resources/wds-1-project-brief/templates/inspiration-analysis.template.md","ef68be6a15544b444d7bda7ab11625e665aa53f365c46fafb8569b333424cf57"
"md","inspiration-analysis.template","wds","wds/workflows/wds-1-project-brief/templates/inspiration-analysis.template.md","ef68be6a15544b444d7bda7ab11625e665aa53f365c46fafb8569b333424cf57"
"md","isometric","wds","wds/workflows/wds-6-asset-generation/data/styles/content-styles/isometric.md","bf1e93d6ff38281128777f2c828c97894a7ab64d686cf07deb6e1e3973868176"
"md","issue-templates","wds","wds/workflows/wds-5-agentic-development/data/issue-templates.md","781673530b702b694dae3a71f276e585326b86f4eff64c883f568658a04c7f61"
"md","kaizen-iteration-guide","wds","wds/workflows/wds-8-product-evolution/data/kaizen-iteration-guide.md","83793aefe79a13f9360255c891118fcc8964a431c6162d0deb643b0f2a96d304"
"md","kaizen-principles","wds","wds/workflows/wds-8-product-evolution/data/kaizen-principles.md","88722332fc3409ef0f6138c22f951a954eee81c95183bb1ae8bf8aa46ea47bf6"
"md","key-insights-structure","wds","wds/workflows/wds-2-trigger-mapping/data/key-insights-structure.md","340f0068fcea039fc04b99ee0322a382536d2534de830cbe14ac4d0d72f3267b"
"md","lightweight-page-template","wds","wds/workflows/wds-4-ux-design/data/page-creation-flows/lightweight-page-template.md","c22b2a3a9657ca03900a53f389325930c8e5e32f1966515186a5e2d445a9b898"
"md","line-art","wds","wds/workflows/wds-6-asset-generation/data/styles/content-styles/line-art.md","b17b6fafdd60c188e03c2671f138df296ac08c1894485097d0d217d66b95bc72"
"md","link","wds","wds/workflows/wds-4-ux-design/data/object-types/templates/link.md","07c88cc7f0b080eb824d521ce1645a7de48790582499dcd0ca7e6c378a8ce51e"
"md","mcp-server-integration","wds","wds/workflows/wds-6-asset-generation/data/mcp-server-integration.md","6ddc9d852ef289bdc22742bb891eeae68de6812d8474c82e06951f50b4f0aeae"
"md","mermaid-formatting-guide","wds","wds/workflows/wds-2-trigger-mapping/data/mermaid-formatting-guide.md","280607347758c280e1cae1469b3fd89063122f387d15fb9948b0c6484108b37d"
"md","meta-content-guide","wds","wds/data/agent-guides/freya/meta-content-guide.md","bfa22422ec53cb8be29be88df236f86f562254b1486e7644ce1ce6bfa02b9578"
"md","meta-content.instructions","wds","wds/workflows/wds-4-ux-design/templates/instructions/meta-content.instructions.md","7cffed6e10df1d55bf328c3bf35362fc7700c95768e10d2bd7fd944d0909419b"
"md","mimir-agents-overview","wds","wds/data/presentations/mimir-agents-overview.md","ab309d46ccfc3364c8cda6d606dce39ac4a7edd2739ee7eb24fd798bc6f2b921"
"md","mimir-tone-setting","wds","wds/data/presentations/mimir-tone-setting.md","7995a6dc65d3472968b37c9395def3a1eb7c8125aaa04545f416267357446bb1"
"md","minimal","wds","wds/workflows/wds-6-asset-generation/data/styles/design-styles/minimal.md","05b7d2e0c274ea160fd36abbdbdf0d45f91a0386f9e99a1732e6974c7efbf400"
"md","monitoring-guide","wds","wds/workflows/wds-8-product-evolution/data/monitoring-guide.md","0b6a7f9336e148b361a1dcaef6259d6ad9125bfc7f193011dd523a4fd48f5380"
"md","monitoring-templates","wds","wds/workflows/wds-8-product-evolution/data/monitoring-templates.md","460c1c75af12867d0f7136d455abdda6454a6587efb39efb867d46fdc2ee73ad"
"md","naming-conventions","wds","wds/data/design-system/naming-conventions.md","192bcaaec39ed791a0e4694427ac9c4bdcf0f41128fcff8169f352497a15124a"
"md","NANO-BANANA-PROMPT-GUIDE","wds","wds/workflows/wds-4-ux-design/data/guides/NANO-BANANA-PROMPT-GUIDE.md","43b06a773f1ee7710306b37a610edea4bec1af2d2ec75ace20903b86359f5980"
"md","object-router","wds","wds/workflows/wds-4-ux-design/data/object-types/object-router.md","e04353ff96c4054169b64cfc842c51f4e9b8ecd0dc180a048692119bbbadfa4c"
"md","open-questions.instructions","wds","wds/workflows/wds-4-ux-design/templates/instructions/open-questions.instructions.md","f6e9c6c71064313fad03f93cd6b7b60aa1a26534e3c8168d0875358e2087aa63"
"md","organic","wds","wds/workflows/wds-6-asset-generation/data/styles/design-styles/organic.md","ac16179226b9419980c22d797e69a9989ec1663ac2f10ceb2055392c83e9d3bf"
"md","page-init-lightweight","wds","wds/workflows/wds-4-ux-design/data/page-creation-flows/page-init-lightweight.md","c986a50ac941d59a3d56a3f1fb196f6ee7187f7f894c42f0d65aa403fa92abef"
"md","page-process-templates","wds","wds/workflows/wds-4-ux-design/data/page-creation-flows/page-process-templates.md","73e97580263bdc45d9014dde89b49edff69f8c5bbb29972951fb34b0447120d6"
"md","page-specification-workflow","wds","wds/workflows/wds-4-ux-design/data/modular-architecture/02-workflows/page-specification-workflow.md","68aa17f7929c1f9c1216c7fc97a6cef05f448fb3e7b861f321e98b6bee01b793"
"md","page-specification.template","wds","wds/workflows/wds-0-project-setup/resources/wds-4-ux-design/templates/page-specification.template.md","726698525fd7eaba3672f0827d8bd11231742b44a3cd60ef2082e631244d3fc7"
"md","page-specification.template","wds","wds/workflows/wds-4-ux-design/templates/page-specification.template.md","726698525fd7eaba3672f0827d8bd11231742b44a3cd60ef2082e631244d3fc7"
"md","pencil-sketch","wds","wds/workflows/wds-6-asset-generation/data/styles/content-styles/pencil-sketch.md","04b1655338765e46bd80cef985df9f815cec02d9b9b24eef139032909c6856d4"
"md","persona-document.template","wds","wds/workflows/wds-0-project-setup/resources/wds-2-trigger-mapping/templates/persona-document.template.md","8a7e3ee65b9363786b654d5d0c71d3bc98fff4373c3f2582c979a84cd4d12e65"
"md","persona-document.template","wds","wds/workflows/wds-2-trigger-mapping/templates/persona-document.template.md","8a7e3ee65b9363786b654d5d0c71d3bc98fff4373c3f2582c979a84cd4d12e65"
"md","photorealistic","wds","wds/workflows/wds-6-asset-generation/data/styles/content-styles/photorealistic.md","1204091ef4e40b06a1ba0a110061eb9ecffe2af6f16eb00f2e6898291ccd9665"
"md","pitch.template","wds","wds/workflows/wds-0-project-setup/resources/wds-1-project-brief/templates/pitch.template.md","aa58bf4d2a116a4f10620bdacaabc09db1a1b152d44b4ab211dcba7ba5cc08f2"
"md","pitch.template","wds","wds/workflows/wds-1-project-brief/templates/pitch.template.md","aa58bf4d2a116a4f10620bdacaabc09db1a1b152d44b4ab211dcba7ba5cc08f2"
"md","placeholder-templates","wds","wds/workflows/wds-4-ux-design/data/page-creation-flows/placeholder-templates.md","0848ceb30a4082a26e2820202def4d22e6c533f353c568465553833114a885cd"
"md","platform-requirements.template","wds","wds/workflows/wds-0-project-setup/resources/wds-1-project-brief/templates/platform-requirements.template.md","39f4813bbb2c7751197b8ae75fa041c2a0afde75b86f5cb674aae9eecedfc160"
"md","platform-requirements.template","wds","wds/workflows/wds-1-project-brief/templates/platform-requirements.template.md","39f4813bbb2c7751197b8ae75fa041c2a0afde75b86f5cb674aae9eecedfc160"
"md","playful","wds","wds/workflows/wds-6-asset-generation/data/styles/design-styles/playful.md","2efbc4844edae0c1cf615389c058aeb29c85857bccceb62f1ea580567c5be097"
"md","positioning-explore","wds","wds/workflows/wds-1-project-brief/data/positioning-explore.md","e0283d3fdfb1d30b440722bed8d9b9db543da60bd134861bc81d77c18598ba7f"
"md","positioning-open-conversation","wds","wds/workflows/wds-1-project-brief/data/positioning-open-conversation.md","75a5f2d41a615fd993f529921b8d4a8a591ba11443877c97f2cfb97a578a303f"
"md","positioning-reflect-confirm","wds","wds/workflows/wds-1-project-brief/data/positioning-reflect-confirm.md","c8ceb6ae960613b17b40489753d799e7ca061a1676abbf92f253f3f2145bd308"
"md","positioning-synthesize","wds","wds/workflows/wds-1-project-brief/data/positioning-synthesize.md","572c92303da0c6165cf7135e702778934c7c2f3197f7ba3dfb850ddd21f25860"
"md","progress-tracker","wds","wds/workflows/wds-0-project-setup/resources/wds-1-project-brief/templates/project-brief-dialog/progress-tracker.md","16b021903eae7d4f9c5d5e84001cbe5ecd53414a1619cd3c6b2779b483e12210"
"md","progress-tracker","wds","wds/workflows/wds-1-project-brief/templates/project-brief-dialog/progress-tracker.md","16b021903eae7d4f9c5d5e84001cbe5ecd53414a1619cd3c6b2779b483e12210"
"md","project-brief.template","wds","wds/data/agent-guides/saga/resources/project-brief.template.md","5052c62a08943ed858b1e016985099aeba68f55262ddd1ab5b8b96ca74e272d2"
"md","project-brief.template","wds","wds/workflows/wds-0-project-setup/resources/wds-1-project-brief/templates/project-brief.template.md","5052c62a08943ed858b1e016985099aeba68f55262ddd1ab5b8b96ca74e272d2"
"md","project-brief.template","wds","wds/workflows/wds-1-project-brief/templates/project-brief.template.md","5052c62a08943ed858b1e016985099aeba68f55262ddd1ab5b8b96ca74e272d2"
"md","PROTOTYPE-ANALYSIS","wds","wds/workflows/wds-5-agentic-development/data/guides/PROTOTYPE-ANALYSIS.md","a98edc9319a42fb610844234b8f5037e7802e325258cac3cc3eb54919f19ca0f"
"md","PROTOTYPE-INITIATION-DIALOG","wds","wds/workflows/wds-5-agentic-development/data/guides/PROTOTYPE-INITIATION-DIALOG.md","5c56a84de56eaa1d88e49b567b2a0b0a7218b2aab8a70bf490b2c2362909961d"
"md","PROTOTYPE-ROADMAP-template","wds","wds/workflows/wds-5-agentic-development/templates/PROTOTYPE-ROADMAP-template.md","fada0358990724aa8b576b4e5a4f1867e4bf5b852d46bd3483d701d08eb3abf2"
"md","prototype-to-figma-workflow","wds","wds/workflows/wds-6-asset-generation/data/prototype-to-figma-workflow.md","b1bc358f62a9c0e6bba26a112f2fa512bf29921c69cdc116a1261896d1487da4"
"md","quality-checklist","wds","wds/workflows/wds-2-trigger-mapping/data/quality-checklist.md","cd709cb65614e5b19a08e38e8ba46d4ab6b3e0d16c6d177b4f222a8019873bab"
"md","quality-checklist","wds","wds/workflows/wds-3-scenarios/data/quality-checklist.md","d3459f448fc26f92ad1a01ce2fea50e41033f8a1735de7b8ee4557186606b4b2"
"md","quality-guide","wds","wds/workflows/wds-4-ux-design/data/quality-guide.md","63c4a41558f0b3afbf94d67e384fb6d8929002ded7abb942f81cf9e689c08ee6"
"md","README","wds","wds/scripts/README.md","a0a5d6f6f96f89057c8f4f8f7de05b4521d8f3355a780c6070c023c547a6613a"
"md","responsive.instructions","wds","wds/workflows/wds-4-ux-design/templates/instructions/responsive.instructions.md","63ab0941e0314c499eccfd7c048b7537c8a84a31d8127fb6340f82ab30ec19b3"
"md","ROUTER-FLOW-DIAGRAM","wds","wds/workflows/wds-4-ux-design/data/object-types/ROUTER-FLOW-DIAGRAM.md","033909ee2ad1fa8fe0c4e825624fe60a46e14af545e1cc0a64549fd5113f8338"
"md","saas-example","wds","wds/workflows/wds-4-ux-design/data/scenario-init/examples/saas-example.md","93716dc0ada6bf304e29b401eea3b8fcd07b195f4d6ba6478a22476a75c61a06"
"md","saga-how-i-help","wds","wds/data/presentations/saga-how-i-help.md","d60fff09336347977b4e463fcf637a0dc3bbd705c56ec1e3941a9ee498f2ad9b"
"md","saga-intro","wds","wds/data/presentations/saga-intro.md","e3db8f42c1b45ed0f8e8a0a6fb05b14e14a75d3d35b1c1a5f99b7823b60d3e37"
"md","saga-presentation","wds","wds/data/presentations/saga-presentation.md","2fd67c0b6f0c1cdfeca638dd17c01b1f3b397f1effae7601d1d307ddd7d64639"
"md","saga-workflows-guide","wds","wds/data/presentations/saga-workflows-guide.md","af19e5a05e307fe02d38b1a207b7484aa67e92cc45e82cbd3525f3c10d14b7c6"
"md","saga.activation","wds","wds/skills/saga.activation.md","55f696fdf4be7609f25b73bffc2e203d11845e222bb3d96286e7370312e53802"
"md","scenario-init-dialog","wds","wds/workflows/wds-4-ux-design/data/scenario-init/scenario-init-dialog.md","db00bf146be77f85bdaf9fbb2b98bcf0c53db1e606340e92af203ae333e4edb7"
"md","scenario-init-guide","wds","wds/workflows/wds-4-ux-design/data/scenario-init/scenario-init-guide.md","d2b12812e26876db923df7bcdc55c9e568b9a682becc3e6c41c9149292cc69ae"
"md","scenario-init-process","wds","wds/workflows/wds-4-ux-design/data/scenario-init/scenario-init-process.md","54919d09f059f040227a003f30156d708d54a6d2cfc578d514147b55cc5ef61b"
"md","scenario-outline-template","wds","wds/workflows/wds-3-scenarios/data/scenario-outline-template.md","28984a74be7ba7caafcb87bc5a9db7c78e5a30a242ac2873bd6e2bb0cf05da92"
"md","scenario-overview.template","wds","wds/workflows/wds-0-project-setup/resources/wds-4-ux-design/templates/scenario-overview.template.md","5805c6b0c9f2f78399ce3f19efd52be713feae1ff5f7fd9a44426535f40139f8"
"md","scenario-overview.template","wds","wds/workflows/wds-4-ux-design/templates/scenario-overview.template.md","5805c6b0c9f2f78399ce3f19efd52be713feae1ff5f7fd9a44426535f40139f8"
"md","seo-content.instructions","wds","wds/workflows/wds-4-ux-design/templates/instructions/seo-content.instructions.md","23b6880a8db3bc93646c89be01f5772fb11f84e4d6dd15fff8dcc01c8fba32c2"
"md","seo-strategy-guide","wds","wds/data/agent-guides/saga/seo-strategy-guide.md","5c496a9c466ec9acf7f8b3ccf4c34ba268a47be2db833862f01a98a731510053"
"md","SEO-VALIDATION-GUIDE","wds","wds/workflows/wds-5-agentic-development/data/guides/SEO-VALIDATION-GUIDE.md","d88eb638e94ae1133c94c77f9f3122b7f2f51a7d9ddf128cecb43402d7fc9ad1"
"md","service-agreement.template","wds","wds/workflows/wds-0-project-setup/resources/wds-1-project-brief/templates/service-agreement.template.md","b6019a7bbe35424342d016d7a992d46a48dccbff58e8dc48fd15675dce85b2a6"
"md","service-agreement.template","wds","wds/workflows/wds-1-project-brief/templates/service-agreement.template.md","b6019a7bbe35424342d016d7a992d46a48dccbff58e8dc48fd15675dce85b2a6"
"md","SESSION-PROTOCOL","wds","wds/workflows/wds-5-agentic-development/data/guides/SESSION-PROTOCOL.md","2da53f961f976d32c1fc3d52ea244bb9ca62d68dd8990a2b76c19cf20470a07d"
"md","shared-activation","wds","wds/data/shared-activation.md","fd37f8c2bda842696158760f183a5e5fb8c2e8e8320436b97390c2136742f627"
"md","signoff.template","wds","wds/workflows/wds-0-project-setup/resources/wds-1-project-brief/templates/signoff.template.md","29695652ce9bde430674585edc7f0f2bb450b6e95e43e6e600d70e00563a5949"
"md","signoff.template","wds","wds/workflows/wds-1-project-brief/templates/signoff.template.md","29695652ce9bde430674585edc7f0f2bb450b6e95e43e6e600d70e00563a5949"
"md","simplified-brief.template","wds","wds/workflows/wds-0-project-setup/resources/wds-1-project-brief/templates/simplified-brief.template.md","5477242fe3ad6c2c0baae0fe7f38dba7a4b52d8a3d64500949cc975a14540ecb"
"md","simplified-brief.template","wds","wds/workflows/wds-1-project-brief/templates/simplified-brief.template.md","5477242fe3ad6c2c0baae0fe7f38dba7a4b52d8a3d64500949cc975a14540ecb"
"md","SKETCH-TEXT-ANALYSIS-GUIDE","wds","wds/workflows/wds-4-ux-design/data/guides/SKETCH-TEXT-ANALYSIS-GUIDE.md","044b6fc8e9f4b30c837db46a829fdf3db14c6dd80944b032158761219345803a"
"md","SKETCH-TEXT-QUICK-REFERENCE","wds","wds/workflows/wds-4-ux-design/data/guides/SKETCH-TEXT-QUICK-REFERENCE.md","920219dd8fb244a6577457e6b9cb9d7ed7a8b22d22d3eb9a87d0ae3339ab79c2"
"md","SKILL","wds","wds/agents/wds-agent-freya-ux/SKILL.md","78cb8262bbd6d106df37d0ec310fe585f93726c44f18dae8a41ceed1ce2ecb82"
"md","SKILL","wds","wds/agents/wds-agent-mimir-builder/SKILL.md","678c7f9f8bd98a5b0bda353bf7ea9a49314e65de28ea10680c7f21b00986613c"
"md","SKILL","wds","wds/agents/wds-agent-saga-analyst/SKILL.md","7353c74a40ce72f3ee076aa5c89bfca593042dc60b563236815e9ea80c202710"
"md","SKILL","wds","wds/tools/memory/SKILL.md","003b4e0a0a18cbabe27320520f09c330c83f1f8912f9e61a37c63f4e7ebe808e"
"md","SKILL","wds","wds/tools/sync/SKILL.md","6f7c84e8fbae690a6cd09f861b5ab064d727f6a33e1ea4120b68ff0f05ad1ec6"
"md","SKILL","wds","wds/workflows/wds-0-alignment-signoff/SKILL.md","e7f8595ebb50357b5beb6b0ebf4cbcd46ed0c6936184f5e2c4fa2eb9faae0625"
"md","SKILL","wds","wds/workflows/wds-0-project-setup/SKILL.md","f9307e11efba1d1e2b9497f2afbdedbf951ff82f0b60285ab1d614e8b593aeb3"
"md","SKILL","wds","wds/workflows/wds-1-project-brief/SKILL.md","bf75f4e69d652a60c2a5c000fab9936d41e893088b5e3b02d9f541434dfa0475"
"md","SKILL","wds","wds/workflows/wds-2-trigger-mapping/SKILL.md","a7ef1e929a35b3c138dcd7fd627d20f5fd455e43f6704ac11823bcf13bdb9c5a"
"md","SKILL","wds","wds/workflows/wds-3-scenarios/SKILL.md","86d25fedf56a147be601213ba95f271702dc52e24d429c04cea6dad9c4e25c89"
"md","SKILL","wds","wds/workflows/wds-4-ux-design/SKILL.md","7a4676e456bce97247797aadd88e638923071a5d60e8e4fffd22482e74f9af23"
"md","SKILL","wds","wds/workflows/wds-5-agentic-development/SKILL.md","7f980b0f4a279292075b9ec9ed1cb5a0ca227e81181cfb98f87569a2aa5482b8"
"md","SKILL","wds","wds/workflows/wds-6-asset-generation/SKILL.md","5c9cdd08dfa967bc4437ee439c06ffe03e8f4f46f93f640b231a499497862d79"
"md","SKILL","wds","wds/workflows/wds-7-design-system/SKILL.md","4d3d371cda779bcb503cf04c131370fd4b40750e608bc321954ba18ef0d0f460"
"md","SKILL","wds","wds/workflows/wds-8-product-evolution/SKILL.md","1ff1de8269123ccbc1ef992afa88d64f903dd70e5e299baf4f095a0e916c05e0"
"md","specification-audit-workflow","wds","wds/workflows/wds-4-ux-design/data/specification-audit-workflow.md","8c1b6fea05f3f2593d75243b5d03b6499cf373ace48f784ec35648dd02a01ef9"
"md","specification-quality","wds","wds/data/agent-guides/freya/specification-quality.md","f353184baf41891b66800f538a6713397dd6639f93fc98a0d7356fb00e307312"
"md","specification-quality","wds","wds/workflows/wds-0-project-setup/resources/agent-guides/freya/specification-quality.md","a67af6aebbc35873363b1846fe7db76fe0dbc3e93ff66235d2cb688e36657161"
"md","start","wds","wds/skills/start.md","e53b0d787329d37314b9bfeedfc3234cf63d1354f14ed944baa528e84acb1d04"
"md","state-management","wds","wds/data/design-system/state-management.md","0c78bb1bd987c7de68b394d35290ce88f512bcd93099c03f9b6572edf50b2106"
"md","step-00-define-purpose","wds","wds/workflows/wds-6-asset-generation/steps-c/step-00-define-purpose.md","d1fe599de620257ab1ddab708b248bf56965c6d7e3d65f1abc5cfb885dd50e3f"
"md","step-00-nb-setup","wds","wds/workflows/wds-4-ux-design/steps-w/step-00-nb-setup.md","efe28dbf7c61cb4afe734c2737bc6982d7602fbd417282b2a686ad837f89cc47"
"md","step-00-simplified-brief","wds","wds/workflows/wds-1-project-brief/steps-c/step-00-simplified-brief.md","b28c5190f3298c1292ef0f2cde87debce2880f1c1bbfa5b871dd732aca0d3f44"
"md","step-00a-documentation-synthesis","wds","wds/workflows/wds-2-trigger-mapping/steps-c/step-00a-documentation-synthesis.md","d1e52430c5e5d91a642b102729922398a9220ebc2ea521c54f56f90d320ee583"
"md","step-00b-business-goals-extract","wds","wds/workflows/wds-2-trigger-mapping/steps-c/step-00b-business-goals-extract.md","0db4880c764469beb21e88a2f9cab26398299700397f7b2d10bdc016fcd4e7f4"
"md","step-00c-target-groups-extract","wds","wds/workflows/wds-2-trigger-mapping/steps-c/step-00c-target-groups-extract.md","16088670ccbd81c5600214da94d44a4d804f3b9ecd0e1daa6e5aebbb15d6f3d5"
"md","step-00d-driving-forces-extract","wds","wds/workflows/wds-2-trigger-mapping/steps-c/step-00d-driving-forces-extract.md","98c993980ec72e77463d2a116c3f9cd0c6390b78583df74047cd77ffb7853435"
"md","step-00e-prioritization-extract","wds","wds/workflows/wds-2-trigger-mapping/steps-c/step-00e-prioritization-extract.md","f21878bdf9528dbc9cab0a04cab2d5637bd0469490e24a8cb012d3a3df14427f"
"md","step-00f-gap-analysis","wds","wds/workflows/wds-2-trigger-mapping/steps-c/step-00f-gap-analysis.md","06f5fc871cdc2ddc9d5381971b2f223408d5f8d300044127fe534b3c1b8261b4"
"md","step-01-brief-completeness","wds","wds/workflows/wds-1-project-brief/steps-v/step-01-brief-completeness.md","16313ec8e9e289ddbd6e5a4bcd2aca6576fdd11f05103fdf6f58da6f2bb5872f"
"md","step-01-connection-check","wds","wds/workflows/wds-6-asset-generation/steps-f/step-01-connection-check.md","89f33eb519c9d208470aca6879eab55f1cc32421065ad0bab8a4fe382588cdc2"
"md","step-01-core-feature","wds","wds/workflows/wds-4-ux-design/steps-s/step-01-core-feature.md","4da85e5bdbf299ff03ed348e2096b273f311ec18ee8763bacb23b38eedec7398"
"md","step-01-create-delivery","wds","wds/workflows/wds-8-product-evolution/steps-p/step-01-create-delivery.md","d1ffc85f211d658974d21514b600213d7df545452a2f022df6b8b69d34dd3486"
"md","step-01-define-question","wds","wds/workflows/wds-5-agentic-development/steps-a/step-01-define-question.md","b515e1f42e8d74b95d206840218ccd04c44b111d6199be6af11e4604a9bf4d50"
"md","step-01-design-update","wds","wds/workflows/wds-8-product-evolution/steps-d/step-01-design-update.md","adf45d32e5477bb303d9eef3b5865afe0087d7f677fa0863144077b383a5b7b3"
"md","step-01-detect-completion","wds","wds/workflows/wds-4-ux-design/steps-h/step-01-detect-completion.md","29c3971bb30ee742aad0d558cfb3e11e96d35204a0b3e5a0963bf56cfd4b6988"
"md","step-01-exploration","wds","wds/workflows/wds-4-ux-design/steps-c/step-01-exploration.md","ec61281f96ee88c45f15c8fb78ca4e91ccfeafe0abda0dda684c99e4f43ed5b8"
"md","step-01-identify","wds","wds/workflows/wds-8-product-evolution/steps-a/step-01-identify.md","53eee54a1523af17001109e3d880bec2d57a0210bbb92226ea1e1210e1d71dea"
"md","step-01-identify-target","wds","wds/workflows/wds-5-agentic-development/steps-r/step-01-identify-target.md","3bd27110617ac61ce2d3582c0fb243105ec7f65d6c7b492620338baf065cdca8"
"md","step-01-init","wds","wds/workflows/wds-1-project-brief/steps-c/step-01-init.md","e35d6335a371e26e8dbcdb72ca39ae24850ff459d7e2af8acb34384da3a85837"
"md","step-01-load-context","wds","wds/workflows/wds-3-scenarios/steps-c/step-01-load-context.md","c5158243912ed444dd5007cef3a317177d34220c8f3dcb514707a99e8957eb22"
"md","step-01-load-context","wds","wds/workflows/wds-6-asset-generation/steps-i/step-01-load-context.md","bf7ae19d929376bd36149bec9bb8ea12a26973482453bdddbcd887e582371f2b"
"md","step-01-load-context","wds","wds/workflows/wds-6-asset-generation/steps-m/step-01-load-context.md","f8a472d04c5d6c73eb735a5d1bc8c928884c04ad96244614cd1bb9b1feadbf28"
"md","step-01-load-context","wds","wds/workflows/wds-6-asset-generation/steps-p/step-01-load-context.md","9bddb5797a60897f1b7c6736928fb7e138ffc5d842a2bc7a81ce319c9779cc6c"
"md","step-01-load-context","wds","wds/workflows/wds-6-asset-generation/steps-u/step-01-load-context.md","52f9a52720415b5aa37fb87204a1b81b0c141066bd083df4b1c5631021b99085"
"md","step-01-load-context","wds","wds/workflows/wds-6-asset-generation/steps-v/step-01-load-context.md","514eb072882de74be3ed6918383c596d061618e3e326e741aa5412d1b6d49a29"
"md","step-01-load-context","wds","wds/workflows/wds-6-asset-generation/steps-w/step-01-load-context.md","f2a8ad545869183d80e3faa3bc79e1a3acb5ea696473b36465f14f0b421abc5d"
"md","step-01-load-trigger-map-context","wds","wds/workflows/wds-6-asset-generation/steps-c/step-01-load-trigger-map-context.md","30152d1f4acd960946e29190f70003421cc0d3f7b606801bdcc86a943a36ecdc"
"md","step-01-overview","wds","wds/workflows/wds-2-trigger-mapping/steps-c/step-01-overview.md","85e86a595c993b2d9df8b2d86e51b9486e75b3b29d643d1adbfc64e15b148c1f"
"md","step-01-page-basics","wds","wds/workflows/wds-4-ux-design/steps-p/step-01-page-basics.md","a5ba5704cc2ed4549f6603e1a0b36888a930c66df85be60f2b0d10218b67093e"
"md","step-01-page-metadata","wds","wds/workflows/wds-4-ux-design/steps-v/step-01-page-metadata.md","ba3dd47d5a5f935c8b8c05db94eb8f854cec0e5732e9b1808df1f6e4c37e5cbb"
"md","step-01-prepare","wds","wds/workflows/wds-5-agentic-development/steps-t/step-01-prepare.md","e3033d1566a2bd792755c44dfc7893d7bec270090ff23940466841c0145df2da"
"md","step-01-reproduce","wds","wds/workflows/wds-5-agentic-development/steps-f/step-01-reproduce.md","4744d27fbf928453892c3cd6db56a57cda71619e40be669cf156adfb95bdccb0"
"md","step-01-review-current","wds","wds/workflows/wds-4-ux-design/steps-m/step-01-review-current.md","1b37edfd10378a7596e52a3c6a77c566551d289ef5f9f31d7b4a6442b7ea0050"
"md","step-01-scan-existing","wds","wds/workflows/wds-7-design-system/steps-c/step-01-scan-existing.md","c5679a93a5a54782a2122789453860529b0a34b4c0a60aff42606d284e5d9cca"
"md","step-01-scenario-coverage","wds","wds/workflows/wds-3-scenarios/steps-v/step-01-scenario-coverage.md","455d8dd3b20bd033d42ab61e5c06c4cf67d39f251eac45f538433c114917fd70"
"md","step-01-scope-and-plan","wds","wds/workflows/wds-5-agentic-development/steps-d/step-01-scope-and-plan.md","629e4425de37724f90c28a28c05ecf6bb59bce99d6927f3113225e8a6c34fd41"
"md","step-01-scope-change","wds","wds/workflows/wds-5-agentic-development/steps-e/step-01-scope-change.md","ebd73f00e361a3a16255c03e70e098c9d55f1c31ddd3c51073fa9cc63892c1bb"
"md","step-01-sketch-analysis","wds","wds/workflows/wds-4-ux-design/steps-k/step-01-sketch-analysis.md","d383f5ab5ce57c8e3fde49cec4b5cdf1d520f83ed93913cf519c26334f3274f7"
"md","step-01-target-group-coverage","wds","wds/workflows/wds-2-trigger-mapping/steps-v/step-01-target-group-coverage.md","2b8e55de3dc29dedaf8908f57e4db665d0234d57af6f41764599505944e19f27"
"md","step-01-validate","wds","wds/workflows/wds-8-product-evolution/steps-t/step-01-validate.md","57bc3645d7ce4feb27dfcf0191ec29e0173092db22aadcf32e4d4af292a14f6b"
"md","step-01-visual-approach","wds","wds/workflows/wds-4-ux-design/steps-w/step-01-visual-approach.md","cb72a7e48932db5c635741886396edf98f4300e3f3441a1a07fa7e509c15e33f"
"md","step-01-welcome","wds","wds/workflows/wds-0-project-setup/steps/step-01-welcome.md","8184ac6a03d44a6d982bbd6161451335e56b881691795786400e1eb143b33cec"
"md","step-01a-client-profile","wds","wds/workflows/wds-1-project-brief/steps-c/step-01a-client-profile.md","3292e1d2e9859549af13993a9e4cad901ea4ebe8a8659ad40f977491f3eccce4"
"md","step-01a-understand-situation","wds","wds/workflows/wds-0-alignment-signoff/steps-c/step-01a-understand-situation.md","afc18e8ead89bdf3477dc603633f1d035e9a1a219e2461e10347d4ad4217f36b"
"md","step-01b-determine-if-needed","wds","wds/workflows/wds-0-alignment-signoff/steps-c/step-01b-determine-if-needed.md","b76b66f1b38be8d319cb8de08be60083e212f7b9b37eebb38b76960de250d643"
"md","step-01c-offer-extract","wds","wds/workflows/wds-0-alignment-signoff/steps-c/step-01c-offer-extract.md","b143c573a8d016e8df1592df09d2e52167bb4b4bfe0b654593591762adebe2c0"
"md","step-01d-extract-info","wds","wds/workflows/wds-0-alignment-signoff/steps-c/step-01d-extract-info.md","a2c879fe9c78c6fe8e75fee986adc6ef6ca8a118973c01de3b09bea0cc090398"
"md","step-01e-detect-starting-point","wds","wds/workflows/wds-0-alignment-signoff/steps-c/step-01e-detect-starting-point.md","aca46c010e353ceb5c7fd592ed1bdb8d1d32598ed4bb8d1a2630b902405400b9"
"md","step-02-analyze-impact","wds","wds/workflows/wds-5-agentic-development/steps-e/step-02-analyze-impact.md","37e834b094d2e88b0f3d9a0e9728537d67446bc4e42e534b7563cbe2fef1a4b1"
"md","step-02-analyze-scope","wds","wds/workflows/wds-3-scenarios/steps-c/step-02-analyze-scope.md","56a8ab9df2a590de8ea2a3e226a87803b540134252fc7ab92149b475ecffefcd"
"md","step-02-awareness-strategy","wds","wds/workflows/wds-6-asset-generation/steps-c/step-02-awareness-strategy.md","5c4f21b9fbefec47b3c05aaa82a96bb3e928f96f8b4a8c14b76926f5d2c8db83"
"md","step-02-business-goals","wds","wds/workflows/wds-2-trigger-mapping/steps-c/step-02-business-goals.md","32183462d7429dbce8ffdb9d16da6195d379f80283f334883b02b9f3051ffd6a"
"md","step-02-compare-attributes","wds","wds/workflows/wds-7-design-system/steps-c/step-02-compare-attributes.md","5a47ea7e3eed5c881fc246d23f0cef3745485b81add31272a03ab5999ecf98af"
"md","step-02-create-delivery","wds","wds/workflows/wds-4-ux-design/steps-h/step-02-create-delivery.md","d783c3916dbbe61c60b40bcc6c3173ce31dc631775c83ff6e15be3228b5c8a2d"
"md","step-02-define-component","wds","wds/workflows/wds-4-ux-design/steps-m/step-02-define-component.md","e96bc4994cef2c7968f2708b1e3fa5e66bcade264aaea498cd29f5bdbe79647b"
"md","step-02-entry-point","wds","wds/workflows/wds-4-ux-design/steps-s/step-02-entry-point.md","e724d6c3ed24786199f875a7ee42704050ceee189d97c5ba3b67e1fb5e7559e3"
"md","step-02-execute","wds","wds/workflows/wds-5-agentic-development/steps-t/step-02-execute.md","afa1e6f9b0f7b098d729238b52549e052003f319a88891292f755a5861c50198"
"md","step-02-explore-and-capture","wds","wds/workflows/wds-5-agentic-development/steps-r/step-02-explore-and-capture.md","fd5fee53e007f44d735266e5090c4854d8e1514d866f0a93763f117dd918fe30"
"md","step-02-gather-context","wds","wds/workflows/wds-8-product-evolution/steps-a/step-02-gather-context.md","4caba72e3ada8fe8e868afc1a3dfa5694f1ffe9ab61d47f8af3663da174ba00c"
"md","step-02-generate-visual","wds","wds/workflows/wds-4-ux-design/steps-w/step-02-generate-visual.md","039b999e37602d6a0f126b1fb04b68084894de79eaa4e25d4640e861fc67c0ff"
"md","step-02-hand-off","wds","wds/workflows/wds-8-product-evolution/steps-p/step-02-hand-off.md","93318e47e6204ccf639ad5170cfd896fceafb34882c0b0ca21be88e9646c0bef"
"md","step-02-identify-export-type","wds","wds/workflows/wds-6-asset-generation/steps-f/step-02-identify-export-type.md","49becefe6a6f82b62789c7ec1eda37ddf8f6c37fcce9f241b7ea8f0ebe1a6553"
"md","step-02-inventory","wds","wds/workflows/wds-6-asset-generation/steps-i/step-02-inventory.md","6d6c63df60db8297d57d59f63d5a1597ac2b913e7cfc736d9d3aa57764e34c22"
"md","step-02-inventory","wds","wds/workflows/wds-6-asset-generation/steps-m/step-02-inventory.md","be261341638479d312249e5c1035af62176a0b482e667e417b7dcce6d4e45494"
"md","step-02-inventory","wds","wds/workflows/wds-6-asset-generation/steps-p/step-02-inventory.md","e4d483584caa2c463d52af6a7b8006af9e4119eb3bd840be4f25428e75fc96de"
"md","step-02-inventory","wds","wds/workflows/wds-6-asset-generation/steps-u/step-02-inventory.md","43bb7b18ef39d7b3da3b18a36ef3e208750b21013303551ccf9ed1e10c27864e"
"md","step-02-inventory","wds","wds/workflows/wds-6-asset-generation/steps-v/step-02-inventory.md","74a20d6837a2f8f8f22d597f70ea667e54eb029da4651c0009030de9771a9b28"
"md","step-02-inventory","wds","wds/workflows/wds-6-asset-generation/steps-w/step-02-inventory.md","d9c28a5dfd6933f541e35732e4fa8a914aab3fcdc1210a0590e0ff66a027aac3"
"md","step-02-investigate","wds","wds/workflows/wds-5-agentic-development/steps-f/step-02-investigate.md","6337ffb0e307aba6c407378eaae15d3fd7865b351a9b91e821b4e7bf1914a244"
"md","step-02-layout-sections","wds","wds/workflows/wds-4-ux-design/steps-p/step-02-layout-sections.md","f63c7ac2163480a736c51978c5fbf91c543f026ae44ec4fb0319494b15241572"
"md","step-02-navigation","wds","wds/workflows/wds-4-ux-design/steps-v/step-02-navigation.md","a655f53a5cf7dc25570fde193ca595dda59de47bce916f92e72042974a058f36"
"md","step-02-navigation-patterns","wds","wds/workflows/wds-3-scenarios/steps-v/step-02-navigation-patterns.md","a08766e2b31b472fc7436862c4087f775a20731c0df0fadb6e7f674b76d2cad7"
"md","step-02-prioritization-integrity","wds","wds/workflows/wds-2-trigger-mapping/steps-v/step-02-prioritization-integrity.md","9021cdb6e355b70414b440af84276be64c040f1d70f389795ab5fa47f4ebf348"
"md","step-02-scan-codebase","wds","wds/workflows/wds-5-agentic-development/steps-a/step-02-scan-codebase.md","45f9a2ceaf8cbff5e5e0e0092315b10bb956b892fd5a6610a01d7285189e5f45"
"md","step-02-setup-environment","wds","wds/workflows/wds-5-agentic-development/steps-d/step-02-setup-environment.md","a45546e0ba6359ad39b614a22bc9c929774033b6b893647d5a682c3bc3a4ea6c"
"md","step-02-structure","wds","wds/workflows/wds-0-project-setup/steps/step-02-structure.md","8652939235b2012b281be5f04b6f405aa1ed82e25fb1e6cbb020bf8235803405"
"md","step-02-trigger-map-consistency","wds","wds/workflows/wds-1-project-brief/steps-v/step-02-trigger-map-consistency.md","313de012f6c91d1c37913adff024bb50f0542436797290efd635f8039d32ea91"
"md","step-02-vision","wds","wds/workflows/wds-1-project-brief/steps-c/step-02-vision.md","021818f246fcd47f1adb43ece25c0726deb9af1e058d0cc97f20b86d7c183e8f"
"md","step-02a-explore-realization","wds","wds/workflows/wds-0-alignment-signoff/steps-c/step-02a-explore-realization.md","29ddbb18b5abaf965415e8177c0873139f5a099a68cb5e5d7f5c199db0c3cbad"
"md","step-02b-explore-solution","wds","wds/workflows/wds-0-alignment-signoff/steps-c/step-02b-explore-solution.md","38e5eeb170ebffe413ccd09e28b19cfcfafd4d0deee062601bc93dc27b27d52a"
"md","step-02c-explore-why-it-matters","wds","wds/workflows/wds-0-alignment-signoff/steps-c/step-02c-explore-why-it-matters.md","166f01cac27dc6906195246e0415c666f6fb62f3cf89098f67d0eba45f5718f8"
"md","step-02d-explore-how-we-see-it-working","wds","wds/workflows/wds-0-alignment-signoff/steps-c/step-02d-explore-how-we-see-it-working.md","95aac80c50d2ecbec54538c106e0f9959ee2b7a9f73be442f6c2fa43d5cb10c2"
"md","step-02e-explore-paths-we-explored","wds","wds/workflows/wds-0-alignment-signoff/steps-c/step-02e-explore-paths-we-explored.md","e09ab832db2e90cf5c3a610caa66be2c8aeeded7259d591e53b66bfb53a625ab"
"md","step-02f-explore-recommended-solution","wds","wds/workflows/wds-0-alignment-signoff/steps-c/step-02f-explore-recommended-solution.md","6f7b11ce12f55dd3545ef53344f540f6d948e0618c190993cc8aec0fcef58dd0"
"md","step-02g-explore-path-forward","wds","wds/workflows/wds-0-alignment-signoff/steps-c/step-02g-explore-path-forward.md","ee059ac1246b0478aed22c8dda58dd22a10e105f239ba2800d27d4d583b4748f"
"md","step-02h-explore-value-we-create","wds","wds/workflows/wds-0-alignment-signoff/steps-c/step-02h-explore-value-we-create.md","e371e2505f1def2c41887949917ea7fd801c1acfe581acc25421e34ab44703a9"
"md","step-02i-explore-cost-of-inaction","wds","wds/workflows/wds-0-alignment-signoff/steps-c/step-02i-explore-cost-of-inaction.md","0224301ac100b4238bc915bffba996476dfe9f335cf8b1d174e4074a159688bc"
"md","step-02j-explore-our-commitment","wds","wds/workflows/wds-0-alignment-signoff/steps-c/step-02j-explore-our-commitment.md","254f28cfad092f4f447bae4e315fc89494e8082f9d4b5220a743f05b4fe64ae9"
"md","step-02k-explore-summary","wds","wds/workflows/wds-0-alignment-signoff/steps-c/step-02k-explore-summary.md","b9075e9e8088373bd4a68ee87ec54758cfe738848b494f3d64bf200589de839a"
"md","step-02w-nb-compose-prompt","wds","wds/workflows/wds-4-ux-design/steps-w/step-02w-nb-compose-prompt.md","9f4eaed6f180b3ef68fbea6109854f8c120960e5200b4f87cbd18824b428ff23"
"md","step-03-action-filter","wds","wds/workflows/wds-6-asset-generation/steps-c/step-03-action-filter.md","87018cc214b4d13735efd4c9a551b5cdd716022e39e09630b0190dbb27032b17"
"md","step-03-build-strategic-context","wds","wds/workflows/wds-3-scenarios/steps-c/step-03-build-strategic-context.md","06bab761bd6176b4c0ce7b48c66b9d0a973feeda4d1dbb2ee48d4a6dcbacfb44"
"md","step-03-calculate-similarity","wds","wds/workflows/wds-7-design-system/steps-c/step-03-calculate-similarity.md","81ef881a22aa8d041f1f42f968ef6290ac1b4f0f07ae682d1087f37b5a435aec"
"md","step-03-components-objects","wds","wds/workflows/wds-4-ux-design/steps-p/step-03-components-objects.md","ab5b96301764b95ee8b493dad4398019a10a4138398c9823fa413e4668a7b555"
"md","step-03-create-test-scenario","wds","wds/workflows/wds-4-ux-design/steps-h/step-03-create-test-scenario.md","d7939f89ae69b3776d0cc600bdb38fee25e53db5fea64bc934c116716b3fa025"
"md","step-03-document-issues","wds","wds/workflows/wds-5-agentic-development/steps-t/step-03-document-issues.md","b94736e7f434ae3262a47f5a7ce764680e76b10f1287904faf9781f86284ffd9"
"md","step-03-fix","wds","wds/workflows/wds-5-agentic-development/steps-f/step-03-fix.md","102bae1f5ec15ac19bdf9704fc18a70535f7af0147d71c259b3de8d4f902c81f"
"md","step-03-generate-specs","wds","wds/workflows/wds-5-agentic-development/steps-r/step-03-generate-specs.md","fa6d6fd1742054272465d195235e5422233e6de2cdd6f8b9a24a4d6280bd4164"
"md","step-03-implement","wds","wds/workflows/wds-5-agentic-development/steps-d/step-03-implement.md","41ea7cb79e84e7df658cc0c262cce1f84007da0080f3382212413ec62d9a4d0b"
"md","step-03-map-architecture","wds","wds/workflows/wds-5-agentic-development/steps-a/step-03-map-architecture.md","5840a2ca63cddf21747888daddd55303dd8a61b39a9c456e49637b8affc1af79"
"md","step-03-mental-state","wds","wds/workflows/wds-4-ux-design/steps-s/step-03-mental-state.md","52f6eaa7d656c6e2a367928eb6b25c82e506b4df7865cbfb996afbbda81d545e"
"md","step-03-outline-completeness","wds","wds/workflows/wds-3-scenarios/steps-v/step-03-outline-completeness.md","76f32888a12859bcd373e2c0fd331a1c45f2e508287b6948cff62da9a1b0c7ca"
"md","step-03-page-overview","wds","wds/workflows/wds-4-ux-design/steps-v/step-03-page-overview.md","4ff9862ffc4f884db266ef923fafa690d0beccdae114f28b1f1eba81a126b42e"
"md","step-03-persona-consistency","wds","wds/workflows/wds-2-trigger-mapping/steps-v/step-03-persona-consistency.md","bf5b21a67e9f735deeab6d6d4acb3206874af66ad8034580303da6a82bbf5ddb"
"md","step-03-plan-implementation","wds","wds/workflows/wds-5-agentic-development/steps-e/step-03-plan-implementation.md","9d44ee91eef09ab67b262716a7f2d3b6a1160950f5d2a4c174bf37b10092bee0"
"md","step-03-positioning","wds","wds/workflows/wds-1-project-brief/steps-c/step-03-positioning.md","e103705e531d055337fbd03f8b998aedc3e38ecc6da1982f083d7dbfa121cb78"
"md","step-03-prepare-specifications","wds","wds/workflows/wds-6-asset-generation/steps-f/step-03-prepare-specifications.md","b26ed188c7609aeeb78bbf7c8068de253b18e08c33205629b585ec10d02332ef"
"md","step-03-review-integrate","wds","wds/workflows/wds-4-ux-design/steps-w/step-03-review-integrate.md","ebafa3f0b617e37924decc9b41992fb0db3cc9c576608e0abd0b83aca8511832"
"md","step-03-select-style","wds","wds/workflows/wds-6-asset-generation/steps-i/step-03-select-style.md","2c0d4a76dcc250e004c8fae54efb2e79d71106a12c6b1470a9fa5a02220fcd05"
"md","step-03-select-style","wds","wds/workflows/wds-6-asset-generation/steps-m/step-03-select-style.md","0521c98e0c1a31bdcfb8094d61cbe298a13c02f5a708960ca537062a32acf4b0"
"md","step-03-select-style","wds","wds/workflows/wds-6-asset-generation/steps-p/step-03-select-style.md","882bd862d5dcc4c8258fd6bdf41d4e0af7384d184a51a1277c9720e73c2ef6bb"
"md","step-03-select-style","wds","wds/workflows/wds-6-asset-generation/steps-u/step-03-select-style.md","9a7b15fa55b86a254273cc869e1dacd7dda6cbfc897b893348db6ab62084a302"
"md","step-03-select-style","wds","wds/workflows/wds-6-asset-generation/steps-v/step-03-select-style.md","29fb04583f43468a510bf3dee7430fd7cdf9453b7898f30521ba3f40418c9cc3"
"md","step-03-select-style","wds","wds/workflows/wds-6-asset-generation/steps-w/step-03-select-style.md","d82f1f3f2a4967e115aa88af1d58f4d23f2a099a018a3c1eb2366a8a9ef0d793"
"md","step-03-seo-strategy","wds","wds/workflows/wds-1-project-brief/steps-v/step-03-seo-strategy.md","ccdea900027954b53f8cbdbd18d458e8e40f75f70f274bfe4546f3f7649a019f"
"md","step-03-target-groups","wds","wds/workflows/wds-2-trigger-mapping/steps-c/step-03-target-groups.md","aceaa9b82ec6a40df5f2f9107ca785b060fe53440f40c17896b0ea47792ae941"
"md","step-03-validate-usage","wds","wds/workflows/wds-4-ux-design/steps-m/step-03-validate-usage.md","c2bcf82ba9e753151bc54180e43be7d843f092685b9616e6b1e9550e4ec28d37"
"md","step-03a-reflect-back","wds","wds/workflows/wds-0-alignment-signoff/steps-c/step-03a-reflect-back.md","eb37515baa589b201476ec3148df84775fd18700ae34e523332c170e0d98e11b"
"md","step-03b-synthesize-document","wds","wds/workflows/wds-0-alignment-signoff/steps-c/step-03b-synthesize-document.md","31988e5b8c113e9a5a9702ace51275e8f9081cbded3fcfb723d59a7f48785468"
"md","step-03d-present-approval","wds","wds/workflows/wds-0-alignment-signoff/steps-c/step-03d-present-approval.md","ea13bcbf39271b281b095c126308ffe72bf63e3f005dbe7c2835ff94333f9eb8"
"md","step-04-content-language","wds","wds/workflows/wds-1-project-brief/steps-v/step-04-content-language.md","9843aea28b868335c0af9bfc33f3488f0693920c10318bd084fe8f439e1acac9"
"md","step-04-content-languages","wds","wds/workflows/wds-4-ux-design/steps-p/step-04-content-languages.md","e4c675e996618e11396010926221da93febd84d3ba838a83665822e9344f8daf"
"md","step-04-cross-scenario-consistency","wds","wds/workflows/wds-3-scenarios/steps-v/step-04-cross-scenario-consistency.md","90b3ffe318446a46e6ae512905a07238faedce3efc767a7d05a6010bd8a095bf"
"md","step-04-document-findings","wds","wds/workflows/wds-5-agentic-development/steps-a/step-04-document-findings.md","ef3a469f2d233a125970c4aa61c90c5060731b08365a3dc45a4f7beab20837e1"
"md","step-04-driving-forces","wds","wds/workflows/wds-2-trigger-mapping/steps-c/step-04-driving-forces.md","86a9110d631ab593a17cb414dfe99bd17396e096c785c25bfbc8cfac2ca3d628"
"md","step-04-empowerment-frame","wds","wds/workflows/wds-6-asset-generation/steps-c/step-04-empowerment-frame.md","fe9103a397ba555e4a8fe9a4fbd0bba3429010f5621e4209519641afda1eea84"
"md","step-04-extract-design-system","wds","wds/workflows/wds-5-agentic-development/steps-r/step-04-extract-design-system.md","36abeb0ec80d7ca81e1dc9d3fec929cf8154f146bc36b54d51f93bacae895c80"
"md","step-04-feature-impact-alignment","wds","wds/workflows/wds-2-trigger-mapping/steps-v/step-04-feature-impact-alignment.md","30385f3df7ac38c25378f588e8763cc70ccd34ec7d938fad41dbe391f53c66ba"
"md","step-04-generate","wds","wds/workflows/wds-6-asset-generation/steps-i/step-04-generate.md","ddcc7abe5298a3836159870bb71dc3e40ba38b30e861309db7eaf13e7132b478"
"md","step-04-generate","wds","wds/workflows/wds-6-asset-generation/steps-p/step-04-generate.md","c731c53ba9ee8113418177fd415cca4e966ad6dfe691b091fb59d6ebd44adeda"
"md","step-04-generate","wds","wds/workflows/wds-6-asset-generation/steps-u/step-04-generate.md","57b52e9446a1c53fbb3738b99612b07fff582012f51bb3e40827dfb5175c601c"
"md","step-04-generate","wds","wds/workflows/wds-6-asset-generation/steps-v/step-04-generate.md","6aaa1fda6fd5e1793c217c81163b284591f43f5797f87d114fafeae60581705e"
"md","step-04-generate","wds","wds/workflows/wds-6-asset-generation/steps-w/step-04-generate.md","09adc0a99ba754e577786b00c2ead4ddd1330425716ffaf7798d43b08155c799"
"md","step-04-generate-validate","wds","wds/workflows/wds-6-asset-generation/steps-f/step-04-generate-validate.md","2dc47f955597d18ffd7333dd1bb95116aad6ae0bbdad8633627d9ede65f6da1d"
"md","step-04-handoff-dialog","wds","wds/workflows/wds-4-ux-design/steps-h/step-04-handoff-dialog.md","c23f9ddc595e7f5b6e8eee0ef5e5fc02a1d6cf7332b7abed0d62c550cdfc1845"
"md","step-04-identify-opportunities","wds","wds/workflows/wds-7-design-system/steps-c/step-04-identify-opportunities.md","8a62c458e086f22d16b45470c67a34f81b0d010461ce925251d9d6adc50de7fc"
"md","step-04-implement","wds","wds/workflows/wds-5-agentic-development/steps-e/step-04-implement.md","a93ceb69d1b44a449492601bd9660be94dff01337dd3d84e920ef8ef2db89b41"
"md","step-04-mutual-success","wds","wds/workflows/wds-4-ux-design/steps-s/step-04-mutual-success.md","4b988bdde8adc8d73241193598b9e81942c79ae1dd1801fc637dbc18fbd8ba1f"
"md","step-04-page-sections","wds","wds/workflows/wds-4-ux-design/steps-v/step-04-page-sections.md","15557210e9898ad4cb5becd8d4490409f6c01bbec50488a75cd5b855c5979f66"
"md","step-04-references","wds","wds/workflows/wds-6-asset-generation/steps-m/step-04-references.md","a24fc99805f444e8403bd9ee056bcbf78a8da6a29dfd6ddc12ee55f5be089e74"
"md","step-04-report","wds","wds/workflows/wds-5-agentic-development/steps-t/step-04-report.md","c658d40e612d168dd7947a06d87b99876d4eafe98026bd593c09d2472513310e"
"md","step-04-suggest-scenarios","wds","wds/workflows/wds-3-scenarios/steps-c/step-04-suggest-scenarios.md","42b30058c3b4a418a872dafabb00f5e5c5c968b945c6a3a4692720ed0c7394e4"
"md","step-04-verify","wds","wds/workflows/wds-5-agentic-development/steps-d/step-04-verify.md","55ad5925b075672804ac8d267e4494a3432a59becba17a15eb37cd1c6bf04008"
"md","step-04-verify","wds","wds/workflows/wds-5-agentic-development/steps-f/step-04-verify.md","3b567b29fdd82eba738b5925ae6b17cc55413fd84edfda059361c1dfcd403a4c"
"md","step-04a-offer-signoff","wds","wds/workflows/wds-0-alignment-signoff/steps-c/step-04a-offer-signoff.md","b756555d173e442ee11920c358654fa108eaea5d961e4cb62918625156d1a4c5"
"md","step-04b-determine-business-model","wds","wds/workflows/wds-0-alignment-signoff/steps-c/step-04b-determine-business-model.md","a029e9e509b193ddc668cb6a457a72ba916d08582bfd2b0c742045e6819320b8"
"md","step-05-business-model","wds","wds/workflows/wds-1-project-brief/steps-c/step-05-business-model.md","815f796c25f936ca032a567aa0b587799e1e030646fbf9e6f91c51fa649366e9"
"md","step-05-cross-document-coherence","wds","wds/workflows/wds-2-trigger-mapping/steps-v/step-05-cross-document-coherence.md","b7bbc262c4398956d50e8c78828cafe3f9ce60509fde93c76bdc8943bb530804"
"md","step-05-document","wds","wds/workflows/wds-5-agentic-development/steps-f/step-05-document.md","adbb10a1c03b7a1a9158c59827c93d850be29f85b33c03dcb86479176cb4240c"
"md","step-05-execute-export","wds","wds/workflows/wds-6-asset-generation/steps-f/step-05-execute-export.md","eb3345098dbe9a5c4748bd3cb295ef012361bd38828aa3ca35b7b0890d0bee4a"
"md","step-05-finalize","wds","wds/workflows/wds-5-agentic-development/steps-d/step-05-finalize.md","adf69c2f5381940e76b49e1ed5456c6b5fd28602e1d47ea9d5a5c98c610bd34e"
"md","step-05-generate","wds","wds/workflows/wds-6-asset-generation/steps-m/step-05-generate.md","436f26695e2fb158f39318208211e96b621028d324915b972d98800e033d4856"
"md","step-05-hand-off","wds","wds/workflows/wds-4-ux-design/steps-h/step-05-hand-off.md","65b0596d0e0c67d21733bfa287c8fab3ed58213304b39afd4af2c2ca0cec53bd"
"md","step-05-identify-risks","wds","wds/workflows/wds-7-design-system/steps-c/step-05-identify-risks.md","5f762984b10202be8d0f3d97bd9c76b12774407b5b0ffda582a3f4f4c8c12b1f"
"md","step-05-interactions","wds","wds/workflows/wds-4-ux-design/steps-p/step-05-interactions.md","13b0c1e232b41f7b98e78b3baa818981702e4b72e98117685ca30135b8db6d10"
"md","step-05-iterate","wds","wds/workflows/wds-5-agentic-development/steps-t/step-05-iterate.md","0967cde63cabeea5a02ae33af2c1129338f13a08ea34b7e14fb9a672e9bd70b3"
"md","step-05-outline-scenario","wds","wds/workflows/wds-3-scenarios/steps-c/step-05-outline-scenario.md","c44750b3ca329f154ed3b7c8bc71d2d76c5e909e2567d34f2717c2c759d524ef"
"md","step-05-prioritization","wds","wds/workflows/wds-2-trigger-mapping/steps-c/step-05-prioritization.md","8b8a08657a80d907a1342468f0a551d7712cce8503fe86caa450babdd3277681"
"md","step-05-review","wds","wds/workflows/wds-6-asset-generation/steps-i/step-05-review.md","cbff485d4a2f6636fd01a042cdc25508dd778715f38826e1894cf8370235cbab"
"md","step-05-review","wds","wds/workflows/wds-6-asset-generation/steps-p/step-05-review.md","82661500f7e97bbe32cbb4adb7e5f76391b6011c226eb9e2dc3d57e37374bec3"
"md","step-05-review","wds","wds/workflows/wds-6-asset-generation/steps-u/step-05-review.md","9142b4e48f80c62ad81480d5989fcebd15e9b90d24e0b4757a0f7d902e7ece22"
"md","step-05-review","wds","wds/workflows/wds-6-asset-generation/steps-v/step-05-review.md","1b2d99c0fa107d808f71929c872faf022c76146a72e5eee83efd37d9bd7a1253"
"md","step-05-review","wds","wds/workflows/wds-6-asset-generation/steps-w/step-05-review.md","2612c6ee8408e5b27c79d0d563382edb28503ac2def9363f9acc16904838af90"
"md","step-05-section-order","wds","wds/workflows/wds-4-ux-design/steps-v/step-05-section-order.md","ac30a8424be69839ea51d12323b4ba72e4e06cd39b923f50651cc1587a499c4a"
"md","step-05-seo-keyword-alignment","wds","wds/workflows/wds-3-scenarios/steps-v/step-05-seo-keyword-alignment.md","b86b7a397355733cd3cc731a5af9f51111f17203427aa332459b37887fa8f89b"
"md","step-05-shortest-path","wds","wds/workflows/wds-4-ux-design/steps-s/step-05-shortest-path.md","c8888092d06d4c4c0737ee1f4d4d175bcc45ae21e9aead324eecadf5cd8c1a97"
"md","step-05-structural-order","wds","wds/workflows/wds-6-asset-generation/steps-c/step-05-structural-order.md","efb84cc4ddd9cad6f3197a84028d9d880ab170bd5907c01213e578a1a9ad2fd7"
"md","step-05-verify-and-document","wds","wds/workflows/wds-5-agentic-development/steps-e/step-05-verify-and-document.md","09e250ca1a87ab44a5bcce90f23e7a8553bdce81105399efe8e1db292711bf6a"
"md","step-05-visual-direction","wds","wds/workflows/wds-1-project-brief/steps-v/step-05-visual-direction.md","721167a6883bc15caae8bb2de1d49b5d65b5cfc54978b0d9d80e7350cd7a055c"
"md","step-05a-contract-overview","wds","wds/workflows/wds-0-alignment-signoff/steps-c/step-05a-contract-overview.md","e438ba08314cef6f1bd9cc087f3354d485619cee797d9566894a4322b6e82c8e"
"md","step-05b-contract-business-model","wds","wds/workflows/wds-0-alignment-signoff/steps-c/step-05b-contract-business-model.md","e0151cfb72c88eac4e3bfa71c7e60cf01b416c727a0e37da8dd2a039623d6e36"
"md","step-05c-contract-scope","wds","wds/workflows/wds-0-alignment-signoff/steps-c/step-05c-contract-scope.md","254172c235ecd202f0cf28c5961dd6a7ce2d47e93e714d1ee9832ed1099929f8"
"md","step-05d-contract-payment","wds","wds/workflows/wds-0-alignment-signoff/steps-c/step-05d-contract-payment.md","e5363c8cefa6570779a7dea1f99907181195c195e430d35042b37a90942fd859"
"md","step-05e-contract-timeline","wds","wds/workflows/wds-0-alignment-signoff/steps-c/step-05e-contract-timeline.md","a28196e66b083a19e519a8503639b9c8383f7accc42da36b2976b1830e4e609c"
"md","step-05f-contract-availability","wds","wds/workflows/wds-0-alignment-signoff/steps-c/step-05f-contract-availability.md","995b1a3cee8fb2509c14493949492c1d1dd19939214d3926ad133f26b44aae47"
"md","step-05g-contract-confidentiality","wds","wds/workflows/wds-0-alignment-signoff/steps-c/step-05g-contract-confidentiality.md","1b04eea779359393dd8743e1c3198d084c09468dd1421d5e89191fd8fa76d2d1"
"md","step-05h-contract-not-to-exceed","wds","wds/workflows/wds-0-alignment-signoff/steps-c/step-05h-contract-not-to-exceed.md","d3d49f060572b413800f11185c87072b40510cda8da081f8b199769e42bf09ad"
"md","step-05i-contract-work-initiation","wds","wds/workflows/wds-0-alignment-signoff/steps-c/step-05i-contract-work-initiation.md","44862ed913a092ffc7217eb5429986abb536fc4b81a486b6c5551257b1edd1b1"
"md","step-05j-contract-terms","wds","wds/workflows/wds-0-alignment-signoff/steps-c/step-05j-contract-terms.md","2a0facaafda0d022590072152bf08488b6efaf5184dfc2d88312909434aa2089"
"md","step-05k-contract-approval","wds","wds/workflows/wds-0-alignment-signoff/steps-c/step-05k-contract-approval.md","e6dc996d928795451725501b6d3a33028cf72fb12d9f599f6057e835bf05669e"
"md","step-05l-finalize-contract","wds","wds/workflows/wds-0-alignment-signoff/steps-c/step-05l-finalize-contract.md","4c9f3b06c032cf5292a16283f16b970c24333a19584a2527f7b26403fa603e15"
"md","step-06-business-customers","wds","wds/workflows/wds-1-project-brief/steps-c/step-06-business-customers.md","2d9f662959daa4f3f852231f14086a2d3feb82656c9af055be93301115cd7eac"
"md","step-06-continue","wds","wds/workflows/wds-4-ux-design/steps-h/step-06-continue.md","ed8cef1d4d37feed62406a7f33d8f8d07cd92337a8a63541315d48b9b14f8de0"
"md","step-06-generate-content","wds","wds/workflows/wds-6-asset-generation/steps-c/step-06-generate-content.md","b5d62bde589b34c59f8a5938982429533347a2f3b7ed473af8922d03bcdc9ba6"
"md","step-06-generate-overview","wds","wds/workflows/wds-3-scenarios/steps-c/step-06-generate-overview.md","2c55796fd1b219b430cb1a307a6bdab0d807c3a6855b3d319e7988c542d996d6"
"md","step-06-object-registry","wds","wds/workflows/wds-4-ux-design/steps-v/step-06-object-registry.md","443db71d590f10bee5ec99268ec7485cca1fc530ee646d44722062c291da164d"
"md","step-06-platform-requirements","wds","wds/workflows/wds-1-project-brief/steps-v/step-06-platform-requirements.md","2113a18779b87b3d6eea7ea91cd4cc73e6acb0bdf2ba4dbf267691dd90b48c92"
"md","step-06-present-decision","wds","wds/workflows/wds-7-design-system/steps-c/step-06-present-decision.md","2747d170c4e56275f5c04d57f4b4e092189468b26a90793528833275f281321e"
"md","step-06-review","wds","wds/workflows/wds-6-asset-generation/steps-m/step-06-review.md","b4cbdafc1f95511ce157590ebc1fb74b3bc019654aaac6adafc9ecc27f43e61c"
"md","step-06-scenario-name","wds","wds/workflows/wds-4-ux-design/steps-s/step-06-scenario-name.md","577f59ee14665b7fa667da789121585f7671657185eaa3eff05ef23e02c5eb17"
"md","step-06-states","wds","wds/workflows/wds-4-ux-design/steps-p/step-06-states.md","8d59e3fbaa72aeb98270a7b52233d135ca74fec006e5c972a030a04057d921b3"
"md","step-06a-build-internal-signoff","wds","wds/workflows/wds-0-alignment-signoff/steps-c/step-06a-build-internal-signoff.md","507a56b0f247d77fe56664d39d80cb80550f17c794bd97cc64b5513bcb799d59"
"md","step-06a-extract-features","wds","wds/workflows/wds-2-trigger-mapping/steps-c/step-06a-extract-features.md","f0db18e3243eee14f1645eb07e68b0c265b9c436202fa7bfb794471508f495b9"
"md","step-06b-confirm-assessment","wds","wds/workflows/wds-2-trigger-mapping/steps-c/step-06b-confirm-assessment.md","dc41afe8647dac5a1610b724395f243cbecdc5daee47b5148b49d4c01af53898"
"md","step-06b-finalize-signoff","wds","wds/workflows/wds-0-alignment-signoff/steps-c/step-06b-finalize-signoff.md","161704f5f5875cfc973b510a81d20e8a20fe4cd2d08297bb23cbcb2193e3f885"
"md","step-06c-make-assessment","wds","wds/workflows/wds-2-trigger-mapping/steps-c/step-06c-make-assessment.md","695c8b35d3607de0497f62ca788f1da4e6b44448378ee083329fe5cd43d19e65"
"md","step-06d-generate-document","wds","wds/workflows/wds-2-trigger-mapping/steps-c/step-06d-generate-document.md","d806aaf98a120ecc16e33f80e5ee8470b063afdd3a6aa108471565c8f04097cc"
"md","step-06e-feature-wrap-up","wds","wds/workflows/wds-2-trigger-mapping/steps-c/step-06e-feature-wrap-up.md","f5908a8fca3a8a68185807ce17ac89d9e9fc982d329397f23b03021f0f029685"
"md","step-07-create-scenario-folder","wds","wds/workflows/wds-4-ux-design/steps-s/step-07-create-scenario-folder.md","34eda44aa34baa26df7faff399f039a3f1a5e1e448aa5bf8ebec8044431bf4bf"
"md","step-07-design-system-separation","wds","wds/workflows/wds-4-ux-design/steps-v/step-07-design-system-separation.md","c4e5a2e4a3996cc15382083f90bb435dc1bebc54e5b1f5b4e23787e41f14bf5b"
"md","step-07-execute-decision","wds","wds/workflows/wds-7-design-system/steps-c/step-07-execute-decision.md","359755abc13133170b8cab452067d7a14343bf6f37a8fa4cd2c2d55e0e5474dc"
"md","step-07-quality-review","wds","wds/workflows/wds-3-scenarios/steps-c/step-07-quality-review.md","86b6f41c25698cb759975c09a8f3098fef836f027419190b66166124dd0cb797"
"md","step-07-target-users","wds","wds/workflows/wds-1-project-brief/steps-c/step-07-target-users.md","6da1a255eabfbc24c48aa1d89ccdd1c63321b3986455bfb5e98d007000fd4ac4"
"md","step-07-validation","wds","wds/workflows/wds-4-ux-design/steps-p/step-07-validation.md","756f265a6cd140257a8bbc901d98b7bf133f8539028ba9877baff91069111b45"
"md","step-07a-generate-hub","wds","wds/workflows/wds-2-trigger-mapping/steps-c/step-07a-generate-hub.md","1817a449f06558336048e03ea482cc404678e144d8502e582dff8076f195d830"
"md","step-07a-product-concept","wds","wds/workflows/wds-1-project-brief/steps-c/step-07a-product-concept.md","5306fb572e964ced7474d7908d3151037b2152a722cd5bd6e02b1a939d2d9a9d"
"md","step-07b-generate-business-goals","wds","wds/workflows/wds-2-trigger-mapping/steps-c/step-07b-generate-business-goals.md","7b997186b3b43e11a52219c5bc8f173dc221536fb35bdee3c809759f44c4450f"
"md","step-07c-generate-primary-persona","wds","wds/workflows/wds-2-trigger-mapping/steps-c/step-07c-generate-primary-persona.md","32c9b40e4ec63eb584d4328909e7cdd9cc40a42dc4558fc9ce911c1ff654beae"
"md","step-07d-generate-secondary-persona","wds","wds/workflows/wds-2-trigger-mapping/steps-c/step-07d-generate-secondary-persona.md","7e9d8747eed9a38993383cb21edf81b854ff81dea0ad5c00e5e652ca93d430df"
"md","step-07e-generate-tertiary-persona","wds","wds/workflows/wds-2-trigger-mapping/steps-c/step-07e-generate-tertiary-persona.md","62cb09eaabcc9bc2f13f8444554242ddb8d429919a255216af04663adca4b01e"
"md","step-07f-generate-key-insights","wds","wds/workflows/wds-2-trigger-mapping/steps-c/step-07f-generate-key-insights.md","7a60839bab65b65ee6b28b8bfee21cc8de5996b923dd019d60d0d9a99ef0018e"
"md","step-07g-quality-check","wds","wds/workflows/wds-2-trigger-mapping/steps-c/step-07g-quality-check.md","1033ef587365b7ef801140d7172d00d968285f5e5e39f64adb7af86f3abd7d0a"
"md","step-08-page-context","wds","wds/workflows/wds-4-ux-design/steps-s/step-08-page-context.md","ebfd983f00d3485d1eff2f942e25d47d167ad9f5c87425d2a0686f24a6458f3c"
"md","step-08-seo-compliance","wds","wds/workflows/wds-4-ux-design/steps-v/step-08-seo-compliance.md","7f55c1d3c63cfd2439b067f16a318f65d476b7916ca69f17a0a8fa00df3b7ad7"
"md","step-08-spacing-typography","wds","wds/workflows/wds-4-ux-design/steps-p/step-08-spacing-typography.md","495ef9115fe19658c45d7588d2dc79fdb3d7a403934383a3f28e57a5e5c35b72"
"md","step-08-success-criteria","wds","wds/workflows/wds-1-project-brief/steps-c/step-08-success-criteria.md","35d2851035cff2f10e42cac6fec7ce2dfc5b05fb862d587fd54aacd0dc9760ec"
"md","step-08-update-design-log","wds","wds/workflows/wds-3-scenarios/steps-c/step-08-update-design-log.md","1b1d119c1503cfc292956b5a60ecd9ac2f7d81b06e5b87e9062a431eeeefec1b"
"md","step-08a-initialize-design-system","wds","wds/workflows/wds-7-design-system/steps-c/step-08a-initialize-design-system.md","68236a009303300f78cf504e79248dc8cc41fc058c551f774488d86379ae73f7"
"md","step-08a-mermaid-init-structure","wds","wds/workflows/wds-2-trigger-mapping/steps-c/step-08a-mermaid-init-structure.md","dac3f06c234e54c9e8dc49862df8486743ef2f11c81f7cf30302d00168a847a4"
"md","step-08b-create-new-component","wds","wds/workflows/wds-7-design-system/steps-c/step-08b-create-new-component.md","6d360ca7ff0ab73b6a491044b66f06b046ee5eb598568a71b681410d2e747418"
"md","step-08b-mermaid-business-goals","wds","wds/workflows/wds-2-trigger-mapping/steps-c/step-08b-mermaid-business-goals.md","dfeeac07e97d74d5bee72ca3f5f15986867c1c72a0583a07d0589c5d8bda7ef2"
"md","step-08c-mermaid-platform","wds","wds/workflows/wds-2-trigger-mapping/steps-c/step-08c-mermaid-platform.md","f9097ff2881c8c2539feddff5608b639da64a5ae081e5c0df5636da75f9ee3a6"
"md","step-08c-update-component","wds","wds/workflows/wds-7-design-system/steps-c/step-08c-update-component.md","9558f333a205201a95458a3efa2939e64840fb3b26f01d574ae66d02c1579750"
"md","step-08d-add-variant","wds","wds/workflows/wds-7-design-system/steps-c/step-08d-add-variant.md","4867ee1ba711260660251495008565aec13adeeb68570c4ea752e7f7a281de32"
"md","step-08d-mermaid-target-groups","wds","wds/workflows/wds-2-trigger-mapping/steps-c/step-08d-mermaid-target-groups.md","173bdc6abea1d8b15340632b91231431613d63a73a108387dc2e009ea70cc2f9"
"md","step-08e-generate-catalog","wds","wds/workflows/wds-7-design-system/steps-c/step-08e-generate-catalog.md","51af3f1afea50f93259e13c6321823c6029ac96498e246b31142575727b04287"
"md","step-08e-mermaid-driving-forces","wds","wds/workflows/wds-2-trigger-mapping/steps-c/step-08e-mermaid-driving-forces.md","790e5200a0530d5df4454ae68a5386510a123ae658d620a16d9304de408ab225"
"md","step-08f-mermaid-connections","wds","wds/workflows/wds-2-trigger-mapping/steps-c/step-08f-mermaid-connections.md","bafa6daf36c641618cfc4486d924ea90aae23e5b38e1cf732fee65de2e49f77a"
"md","step-08g-mermaid-styling","wds","wds/workflows/wds-2-trigger-mapping/steps-c/step-08g-mermaid-styling.md","2f189ca7e521ed92522fb9661a8c74309e703cce6cbf39152d20b3d40502f96a"
"md","step-08h-mermaid-quality","wds","wds/workflows/wds-2-trigger-mapping/steps-c/step-08h-mermaid-quality.md","971566133f7556156db32118e011d03ece5c00558fb1f227f5d2873170532b7b"
"md","step-09-competitive-landscape","wds","wds/workflows/wds-1-project-brief/steps-c/step-09-competitive-landscape.md","094ede23ef1e6f5c9d6478183b9bf14106d480ff96e24560620d8ca98ab4c7df"
"md","step-09-design-system-consistency","wds","wds/workflows/wds-4-ux-design/steps-v/step-09-design-system-consistency.md","22169595901a4fe4e16a4d9aedae0d651c01d56d6d912cfdd9e5e0365b05d6a6"
"md","step-09-generate-spec","wds","wds/workflows/wds-4-ux-design/steps-p/step-09-generate-spec.md","a84dc411d829c9b904110b498b03acf0a92f27e2d1641882889b8a314f4a479d"
"md","step-09-handover","wds","wds/workflows/wds-3-scenarios/steps-c/step-09-handover.md","2f5c33266fb6f94690f67e891ac24836733794a35c5ca6a48b5eaa346a3d7640"
"md","step-09-page-name","wds","wds/workflows/wds-4-ux-design/steps-s/step-09-page-name.md","58af05202452397f3f73a8b40f3fa2bacc24a1aa06fb43e499c0601e1b16785c"
"md","step-09a-finalize-hub","wds","wds/workflows/wds-2-trigger-mapping/steps-c/step-09a-finalize-hub.md","ba39150327c5e25a3048546d76d9a0c17984a80153d3911a03d7bb0179f72700"
"md","step-09b-add-cross-references","wds","wds/workflows/wds-2-trigger-mapping/steps-c/step-09b-add-cross-references.md","68ee608d4003c22418ff23eaae5456292fc5dc25bcae9fceb8c9e818c97605e0"
"md","step-09c-quality-check","wds","wds/workflows/wds-2-trigger-mapping/steps-c/step-09c-quality-check.md","e6260dc5b3d230b381e5def0b9ba7f4f6ae5507d624fe38d1c8d031e11061a78"
"md","step-09d-create-handover-package","wds","wds/workflows/wds-2-trigger-mapping/steps-c/step-09d-create-handover-package.md","f8599ffd5047a4f22a01100b62d1e09bb4728cc2a681ffea9514de3e57ec2856"
"md","step-09e-update-design-log","wds","wds/workflows/wds-2-trigger-mapping/steps-c/step-09e-update-design-log.md","3231d60b4a5a7a253b94b72a5af00b5493d9ab0344bffda42fa9adaad88c74c5"
"md","step-09f-provide-activation","wds","wds/workflows/wds-2-trigger-mapping/steps-c/step-09f-provide-activation.md","6029888a6f0106079d5d2c2d9a4d4c5a1da1811efc4b2d60591a11de3ce104f5"
"md","step-10-constraints","wds","wds/workflows/wds-1-project-brief/steps-c/step-10-constraints.md","0d3e751a9a528aafe40ec82248ebefa23f36d9c51fdc200b69308ced112a1bab"
"md","step-10-final-validation","wds","wds/workflows/wds-4-ux-design/steps-v/step-10-final-validation.md","b478ff2c41fa7243f4567bf7fc0adfcb9e0bd08fb201233f87af6252db41fbd2"
"md","step-10-page-purpose","wds","wds/workflows/wds-4-ux-design/steps-s/step-10-page-purpose.md","a6a40bae78deb8e032630c36d4020a4cbac72cabc263871e416b33856c96d68a"
"md","step-10a-platform-strategy","wds","wds/workflows/wds-1-project-brief/steps-c/step-10a-platform-strategy.md","ba1916a6deab0d68813a8b87af64107227382926fa38ddda9989969ca83eefa3"
"md","step-11-entry-point","wds","wds/workflows/wds-4-ux-design/steps-s/step-11-entry-point.md","eb271ef22c2126f54bc7f1131714b5a73c6f425d4a3858323ced36e85f8ef3b9"
"md","step-11-tone-of-voice","wds","wds/workflows/wds-1-project-brief/steps-c/step-11-tone-of-voice.md","181732821f4ef6eab882b9edf584010652efa45510df793a6d4f3ceff89faff1"
"md","step-12-create-product-brief","wds","wds/workflows/wds-1-project-brief/steps-c/step-12-create-product-brief.md","43c1bab8f760d71230cf6664ddd978aee9c98702da2a96d8db3940f0849df974"
"md","step-12-mental-state","wds","wds/workflows/wds-4-ux-design/steps-s/step-12-mental-state.md","1a2a910ac3d832369bb72d5c75a284be9a927d55017c0779e374bc1116dfc0e1"
"md","step-13-content-init","wds","wds/workflows/wds-1-project-brief/steps-c/step-13-content-init.md","5a14bdf237f8db13dce973b495c69ec5aaed21a99b8e0bc42416ece8e49cc296"
"md","step-13-desired-outcome","wds","wds/workflows/wds-4-ux-design/steps-s/step-13-desired-outcome.md","586e1bfa78efe2dde83c5f4896014e6218ca4c9a1a58e56dce275c425c0f6582"
"md","step-14-personality","wds","wds/workflows/wds-1-project-brief/steps-c/step-14-personality.md","9b6c6c22f008e7e15a4c08e15d0db5597856723b4c7f5b540fe6068ae3dfc15b"
"md","step-14-variants","wds","wds/workflows/wds-4-ux-design/steps-s/step-14-variants.md","357454dbe655309dad68f4e759c76200488162cf5236ecf07066dd7aeeecaf09"
"md","step-15-create-page-structure","wds","wds/workflows/wds-4-ux-design/steps-s/step-15-create-page-structure.md","11a15db4b552613ce8781e94ceb6fa876f96c904c0a63a9e6bdbb7daa21bf2ba"
"md","step-15-tone","wds","wds/workflows/wds-1-project-brief/steps-c/step-15-tone.md","80349c98d1c285bcd3fee8bee1c95749ec4921de277719fc2c024d6a87377fdf"
"md","step-16-languages","wds","wds/workflows/wds-1-project-brief/steps-c/step-16-languages.md","78320e5b5fd64a82272616ab7e21e04f19659f4b33e2c72bfb79dc0a60dfabe2"
"md","step-17-seo-keywords","wds","wds/workflows/wds-1-project-brief/steps-c/step-17-seo-keywords.md","2cb1a91b8cf935c7653f86ac277262f8e44e14d5bf7da9151fc63f67059ced3b"
"md","step-17a-content-structure","wds","wds/workflows/wds-1-project-brief/steps-c/step-17a-content-structure.md","a145f04f0b06d5a529b78f432a1b3cd2f649101331d813d9f648f54e7cafa055"
"md","step-18-create-content-document","wds","wds/workflows/wds-1-project-brief/steps-c/step-18-create-content-document.md","2627c4819924b62264e000468a9be00b3526eb92415444807e9a9bfa1203c569"
"md","step-19-inspiration-workshop","wds","wds/workflows/wds-1-project-brief/steps-c/step-19-inspiration-workshop.md","c922f1c04936fa7000b71b3932da4e9c436b2fd816ae4a7c8f7f0f1665c4ee3c"
"md","step-20-visual-init","wds","wds/workflows/wds-1-project-brief/steps-c/step-20-visual-init.md","1cacea0088fdd77a20ce8e8d55343a101a45089fd73c2109c3f788f07d70acda"
"md","step-21-existing-brand","wds","wds/workflows/wds-1-project-brief/steps-c/step-21-existing-brand.md","65341291e412d22f831b72cb35c76266994e9325fd52e939abe81cfdeab0c216"
"md","step-22-references","wds","wds/workflows/wds-1-project-brief/steps-c/step-22-references.md","387ac0455a1f1a1f59840ae3dcfbd77b90c7db1ebc0f6012d194651860170654"
"md","step-23-design-style","wds","wds/workflows/wds-1-project-brief/steps-c/step-23-design-style.md","e4e520eb4945584d42d22969ac4e5a4f28d49bebb6176e1d82662e4185045cf7"
"md","step-24-layout-effects","wds","wds/workflows/wds-1-project-brief/steps-c/step-24-layout-effects.md","43e3e723adbe2d53cd2d93a22b5d2a27f560420fc579beebc4aa452fbd4ce868"
"md","step-25-imagery","wds","wds/workflows/wds-1-project-brief/steps-c/step-25-imagery.md","8996fa01b549691a4d4a9a690947064a26b964292664f872f230f83ab6ad4105"
"md","step-26-create-visual-document","wds","wds/workflows/wds-1-project-brief/steps-c/step-26-create-visual-document.md","e06ac52be2053c1afed3c036b21abd8d711cd1cd338fdb2af38b8fed0f4c17ea"
"md","step-27-platform-init","wds","wds/workflows/wds-1-project-brief/steps-c/step-27-platform-init.md","85f7876341cd11387d303341d69536b3ac2f7772a1ade9367dd057d5d0b52eb6"
"md","step-28-tech-stack","wds","wds/workflows/wds-1-project-brief/steps-c/step-28-tech-stack.md","2f62a5773d0281cecbddc9cc38277445c28846496848c6747eb26a09a78b8c39"
"md","step-29-integrations","wds","wds/workflows/wds-1-project-brief/steps-c/step-29-integrations.md","da123410c3cbecd5a27fb3e959c4f520f69a07b6ce82a700aee88d457a27ac94"
"md","step-30-contact-strategy","wds","wds/workflows/wds-1-project-brief/steps-c/step-30-contact-strategy.md","ebe088b84d8661e279aeb5ad83656024facf0b5046796bc94ae8eebef5901372"
"md","step-31-multilingual","wds","wds/workflows/wds-1-project-brief/steps-c/step-31-multilingual.md","e1f56183ee2ab39b7f3d70106c9efcc250e0fe91146a13a646f547921f5267d8"
"md","step-32-create-platform-document","wds","wds/workflows/wds-1-project-brief/steps-c/step-32-create-platform-document.md","148b6f61cf7536c5f4dc2551fcebe19d6cb617a69dea0eb5af6d942a1f088444"
"md","step-33-analyze-brief","wds","wds/workflows/wds-1-project-brief/steps-c/step-33-analyze-brief.md","0a30cc9923da60b83a828180c85e500a1cac4176ea631b091d3860dd83b7406d"
"md","step-34-create-summary","wds","wds/workflows/wds-1-project-brief/steps-c/step-34-create-summary.md","b41b135fa3dd9a38a77fb64fc90c8d286bcbcf7ecdb37d9519020100c8203e2c"
"md","step-35-update-design-log","wds","wds/workflows/wds-1-project-brief/steps-c/step-35-update-design-log.md","0676aed048c41984bcd23cbb50d8f798dfead88ed71fc8222f5c163add9fd06c"
"md","step-36-provide-activation","wds","wds/workflows/wds-1-project-brief/steps-c/step-36-provide-activation.md","0cd797b170a140570a676b8e39c99c69ea9bb79bda84a0f7ad07752799245a7e"
"md","stitch-prompt.template","wds","wds/workflows/wds-6-asset-generation/templates/stitch-prompt.template.md","b15c0e154d9b75c889dfe045e31dcc0dd2526845bef552ecbc9988ab9a4d9cdd"
"md","story-file-template","wds","wds/workflows/wds-5-agentic-development/templates/story-file-template.md","a3476cfb3096eea5f14514349292a5d65d2c88004c95f9321b66a79a0cf35adc"
"md","STORYBOARD-INTEGRATION","wds","wds/workflows/wds-4-ux-design/data/modular-architecture/STORYBOARD-INTEGRATION.md","945e4c0f4fb49c628b9537a21fdec0319d78a6805003cf42133c46bcf5813158"
"md","storyboard-specification.template","wds","wds/workflows/wds-4-ux-design/templates/storyboard-specification.template.md","dbcbd9eb8eb7a2285a19d2dfcd20bd4ba6785ee86ae84be082f3b67dc3ec7383"
"md","storyboards-guide","wds","wds/workflows/wds-4-ux-design/data/modular-architecture/02-workflows/storyboards-guide.md","9d29601e3ee0b55109a4bf9458e4f1d3f08ba8bf0bba9806d985574ddc5df65e"
"md","strategic-design","wds","wds/data/agent-guides/freya/strategic-design.md","3bf1c5f7508008102e856c09823e9b619ac3718bfce0311c42ccff1e31d3980f"
"md","strategic-documentation","wds","wds/data/agent-guides/saga/strategic-documentation.md","a73ddcdd39f2e8bb607987b56e797a6ccf63daef72740d55ac03001c4e2ec4b3"
"md","substeps-guide","wds","wds/workflows/wds-4-ux-design/data/substeps-guide.md","de770b28f5c9a491696656ae79ce26715e940315c50739ca409d13db649458d1"
"md","test-result-templates","wds","wds/workflows/wds-5-agentic-development/data/test-result-templates.md","16a6b139c13702f314e737fa6dc0e70f88a387e1521afd7081bc417e7089c4a4"
"md","testing-guide","wds","wds/workflows/wds-5-agentic-development/data/testing-guide.md","1f462b2d8b4d750df647ea3ee32b07dde66bd2eaab5e4f2aa203314d3e00df08"
"md","TEXT-DETECTION-PRIORITY","wds","wds/workflows/wds-4-ux-design/data/object-types/TEXT-DETECTION-PRIORITY.md","7f033d42b7fc07dec54b8002c4513bfe77828891cd0889038ea21b1f7feba086"
"md","text-input","wds","wds/workflows/wds-4-ux-design/data/object-types/templates/text-input.md","83efe943363920a2250001ff0dc2c8839dddccad96dd8721c6999e4d39b0b43d"
"md","three-tier-overview","wds","wds/workflows/wds-4-ux-design/data/modular-architecture/01-core-concepts/three-tier-overview.md","638117eee07ddaf412ab5a6e2f524f74f648939685f5d848de815a24d73fa0e3"
"md","token-architecture","wds","wds/data/design-system/token-architecture.md","99d53ffe20a6e49db88ef531d6ba7aaa28b5b82bcf062c48fa8ac855067603c7"
"md","tone-of-voice-example","wds","wds/workflows/wds-1-project-brief/data/tone-of-voice-example.md","601080a7fbdf2aff4462fdce79756a390e1903f22c421cb3bfbc35223f382b74"
"md","tone-of-voice-output-template","wds","wds/workflows/wds-1-project-brief/data/tone-of-voice-output-template.md","f5f2740a0ab6926b60124f12c7505f38cdfade9b9ec4e4c91214af059b959147"
"md","tools-reference","wds","wds/workflows/wds-6-asset-generation/data/tools-reference.md","a1b8669e153efa7f9d3df78b175c7f2a176d6bb45ebe7cd1d44a8bb10481fefa"
"md","TRANSLATION-ORGANIZATION-GUIDE","wds","wds/workflows/wds-4-ux-design/data/guides/TRANSLATION-ORGANIZATION-GUIDE.md","41a62a6ab93697bad4be3927b1fee02241a1d841cf6125e1d9916fc00354fbf6"
"md","trigger-map.template","wds","wds/workflows/wds-0-project-setup/resources/wds-2-trigger-mapping/templates/trigger-map.template.md","94f83922834b301d90d5ec014d00c2b27935f4eafab6d48dc6f9023d5bc82715"
"md","trigger-map.template","wds","wds/workflows/wds-2-trigger-mapping/templates/trigger-map.template.md","94f83922834b301d90d5ec014d00c2b27935f4eafab6d48dc6f9023d5bc82715"
"md","trigger-mapping","wds","wds/data/agent-guides/saga/trigger-mapping.md","d6943d47ff6275e73233399e416a21d4aeb7e24f682d1b841fe1194e4f9d06d1"
"md","USAGE","wds","wds/workflows/wds-0-project-setup/resources/wds-1-project-brief/templates/project-brief-dialog/USAGE.md","47334d4d26f7b7e56d1a9aef72e1f499d331dbccda6ca05c1cf084db92a15ce9"
"md","USAGE","wds","wds/workflows/wds-1-project-brief/templates/project-brief-dialog/USAGE.md","47334d4d26f7b7e56d1a9aef72e1f499d331dbccda6ca05c1cf084db92a15ce9"
"md","validation-patterns","wds","wds/data/design-system/validation-patterns.md","a7422f4e9335960eb6666ffe25216b893e39b8c968eed65406166efc49b34cfc"
"md","validation-standards","wds","wds/workflows/wds-3-scenarios/data/validation-standards.md","1582725afbb91a7f5d704c06de267c19daa690db4051428650a00f5cb713f4d9"
"md","validation-standards","wds","wds/workflows/wds-4-ux-design/data/validation-standards.md","4651d2a977191c81f34147c3dab85f2d7792025eb8630da5a34db987861d44f4"
"md","vision-explore","wds","wds/workflows/wds-1-project-brief/data/vision-explore.md","36f5ed2ef1f28eabc316aa748544e61610915733076f48d51067ea31dc5a5912"
"md","vision-open-conversation","wds","wds/workflows/wds-1-project-brief/data/vision-open-conversation.md","b106fed5e8621ca1f296a6f8fdab366193e5ee524cc4d2f5ea31a057ab501ce1"
"md","vision-reflect-confirm","wds","wds/workflows/wds-1-project-brief/data/vision-reflect-confirm.md","eaa9b7ae0da62d4948257699374f65443d6a166b5beb9703d1bc7bb219279af2"
"md","vision-synthesize","wds","wds/workflows/wds-1-project-brief/data/vision-synthesize.md","20e9d1abf6e578b987390c6f96a60376c446c728c47e5b86c76c2eca14b403bd"
"md","visual-direction.template","wds","wds/workflows/wds-0-project-setup/resources/wds-1-project-brief/templates/visual-direction.template.md","7eb2ae82a75d579242861d3a2867c8f4e34efffda04de66c695ebcf96634058f"
"md","visual-direction.template","wds","wds/workflows/wds-1-project-brief/templates/visual-direction.template.md","7eb2ae82a75d579242861d3a2867c8f4e34efffda04de66c695ebcf96634058f"
"md","watercolor","wds","wds/workflows/wds-6-asset-generation/data/styles/content-styles/watercolor.md","d56e57b7191ea275588d885b96df18f87870e519627d14f1bf696ce11e67978e"
"md","wds-glossary","wds","wds/data/wds-glossary.md","0d9ecfae2f5774e42514b535636e69c6f438b83b68e7000e2d9571be54f60512"
"md","WDS-SPECIFICATION-PATTERN","wds","wds/workflows/wds-4-ux-design/data/guides/WDS-SPECIFICATION-PATTERN.md","f4b15e4fea29083060fb83f762705ff5eb925c064fe99969df95f99ff0c4aa35"
"md","when-to-extract-decision-guide","wds","wds/workflows/wds-6-asset-generation/data/when-to-extract-decision-guide.md","263b3c48567f63c79f959f77f53d7a3c64495c68f175bed0fab3c7a18c14e8f4"
"md","workflow","wds","wds/workflows/wds-0-alignment-signoff/workflow.md","387115b4c4de7e43bbc14e9f60f63faf8e62db996d62822f4a4c74000a4dc69f"
"md","workflow","wds","wds/workflows/wds-0-project-setup/workflow.md","d03d25f51118a449d993371983d277168aaa6006397a1c4ac441cd9cae2cd1f3"
"md","workflow","wds","wds/workflows/wds-1-project-brief/workflow.md","14eb2bb063a83911fb00d7248ae5c7087a6943085dee5978280b0de626e45b18"
"md","workflow","wds","wds/workflows/wds-2-trigger-mapping/workflow.md","5b521f5ead6a264a62ededb9a2e5ed0222e665ac83274af720fd28a1f0a5f280"
"md","workflow","wds","wds/workflows/wds-3-scenarios/workflow.md","d5d48ae1a9e1b45bbd543e49643f25b1f072486d7b1bf8dab2ff11e756ad3d01"
"md","workflow","wds","wds/workflows/wds-4-ux-design/data/modular-architecture/workflow.md","9971422edfc9ea45afdb28302143781ae7f52697f1dd8fad32121f53e2ea50aa"
"md","workflow","wds","wds/workflows/wds-4-ux-design/data/object-types/workflow.md","c2be9078c4eaa02e4719d56b5746bc9d25aa3f65d809ee4876f1b9adb3ea4d32"
"md","workflow","wds","wds/workflows/wds-4-ux-design/workflow.md","0d7d5cd8c4dccafa91ad988b9ccbacb0085e77fd571cacf99e9b250ea188e664"
"md","workflow","wds","wds/workflows/wds-5-agentic-development/workflow.md","94b2c3fbfcc61d5d1f30d834d28c4169cf8aa853658e65f4319e94226b930cc0"
"md","workflow","wds","wds/workflows/wds-6-asset-generation/workflow.md","93446571093e04919d215ed1f5b741cf2c950b79a8ebd296ec6adb0c5bd25d45"
"md","workflow","wds","wds/workflows/wds-7-design-system/workflow.md","3531aa3319fdfa671c0adbf5db4d078892ba9d1e8eb9266c5ed9de8eeabf81b7"
"md","workflow","wds","wds/workflows/wds-8-product-evolution/workflow.md","c8af7d26255500f07fd344e0e3945e0526f53d617a8c095d29ec2c6a8b03708a"
"md","workflow-acceptance-testing","wds","wds/workflows/wds-5-agentic-development/workflow-acceptance-testing.md","be28e68a97309e800f496fdeb9c505d6a51806644c636d57213864178e237910"
"md","workflow-analysis","wds","wds/workflows/wds-5-agentic-development/workflow-analysis.md","886fbef57c330f491f8161cd475081114961c8987a3884602acf5ef8b5aea0d0"
"md","workflow-analyze","wds","wds/workflows/wds-8-product-evolution/workflow-analyze.md","f1db7e98e95a58c91f0af0e027e2e2f5de5116a1e8dd7aa46fda0abc8501bad6"
"md","workflow-browse","wds","wds/workflows/wds-7-design-system/workflow-browse.md","7f538e0e010a448af969f52f012ae66556864c1d7bbdf1f7f9629d6cedfb364f"
"md","workflow-bugfixing","wds","wds/workflows/wds-5-agentic-development/workflow-bugfixing.md","5386a3e65ec708156cb748fdca6a78f497cd9907f42311eb7697cc5f07582603"
"md","workflow-conceptualize","wds","wds/workflows/wds-4-ux-design/workflow-conceptualize.md","05c9cebde6d668b80052682d8b09c791b43c52e3ee3361068a72d12432ac18bf"
"md","workflow-content","wds","wds/workflows/wds-6-asset-generation/workflow-content.md","afd0449395f5bc7717e132b1521dfe3adf3515538c58e20ad064c744bd3d871f"
"md","workflow-create","wds","wds/workflows/wds-7-design-system/workflow-create.md","2d7954b331424f8367d210f3a2eafd46efb43e5f83688b9c044b6ec137800db1"
"md","workflow-deploy","wds","wds/workflows/wds-8-product-evolution/workflow-deploy.md","ab8558bd74421aa9cf0a3153575b4eb405b8588893370847a37643f2790c0104"
"md","workflow-design","wds","wds/workflows/wds-8-product-evolution/workflow-design.md","193fece794fa5d571149c81aed62d68fd76d53f8b3f3bdd22b4c59f2000659d6"
"md","workflow-design-system","wds","wds/workflows/wds-4-ux-design/workflow-design-system.md","0567f5faa7ff9f4896f10b8df51888ff20a568b247f86e282bb569015ffb71ff"
"md","workflow-development","wds","wds/workflows/wds-5-agentic-development/workflow-development.md","6ff1ae164a2569d590de891abee62e62b48e4defe45c9ad61dda8945c8c4614f"
"md","workflow-dream","wds","wds/workflows/wds-4-ux-design/workflow-dream.md","c5b570a4338ad8f94b4965bc03118c9ada4e0aa0ecacc890ad4d702785b88609"
"md","workflow-edit","wds","wds/workflows/wds-7-design-system/workflow-edit.md","7eeeffb43eceb261022cd889f394b84dd5eafb53426276878a33b8628cf203e1"
"md","workflow-evolution","wds","wds/workflows/wds-5-agentic-development/workflow-evolution.md","f3d9cf2888bf0ae9a251618039ec5a9a8921febf684c7871aa5b49cf7a2a8fe1"
"md","workflow-figma","wds","wds/workflows/wds-6-asset-generation/workflow-figma.md","d4602d3337331db322714437479cc96bb5b11628a7bc5754140a5f410720b132"
"md","workflow-handover","wds","wds/workflows/wds-4-ux-design/workflow-handover.md","c8c56558e8d95a1ae1b4f52459d28a426b5b971cda1d812ab35e7e237bd3438d"
"md","workflow-icons","wds","wds/workflows/wds-6-asset-generation/workflow-icons.md","d95cfd51bc40dc55606f99a1659fa1c5a176b20c9de92a832b381e775d5af5e0"
"md","workflow-images","wds","wds/workflows/wds-6-asset-generation/workflow-images.md","10c97f8131ea3afa7d9ff29a2b7459af3166efd9db08c7a4b550e2c62fc6c6c6"
"md","workflow-implement","wds","wds/workflows/wds-8-product-evolution/workflow-implement.md","63ac4968c28a935049f3410df3d717b4d77e8ef40aa32b3a5b5ad8b16a1b3b34"
"md","workflow-import","wds","wds/workflows/wds-7-design-system/workflow-import.md","411c812fde6ebddcd3ddd9d371c0ca90cd8a09a2f7e6306e5bbfcc31d88dd244"
"md","workflow-page-designs","wds","wds/workflows/wds-6-asset-generation/workflow-page-designs.md","a1a930fb39d8e8fb7914e99f88f3ea39f0ae8300522f4229f3bbbf6207916afe"
"md","workflow-prototyping","wds","wds/workflows/wds-5-agentic-development/workflow-prototyping.md","bcb375c3adf563def0c90b7315d60440e892fad1ed0c5a1147f5c9c397656839"
"md","workflow-reverse-engineering","wds","wds/workflows/wds-5-agentic-development/workflow-reverse-engineering.md","227b40322e13f19b705fba08f9f084fe5e623431718b0f050f07b1fd7650bf84"
"md","workflow-scope","wds","wds/workflows/wds-8-product-evolution/workflow-scope.md","dfad80e69c1c5a6d3aaf3514f5b1e4ba9a29694e4ef2db8986b611cf84ea66e9"
"md","workflow-sketch","wds","wds/workflows/wds-4-ux-design/workflow-sketch.md","8cca11c01cfb18af3152afe8217a29c039ff92186d40be41f3d1cc9eeebe1491"
"md","workflow-specify","wds","wds/workflows/wds-4-ux-design/workflow-specify.md","34baf5fac97d72e61fa5adb2f52ecebe0af0c7b09f099db2396698bb80c8ba62"
"md","workflow-stitch","wds","wds/workflows/wds-6-asset-generation/workflow-stitch.md","27e9f99f489b11a2b3009e481787a9162c0d14c6f770895e48b0e61d9e18e30f"
"md","workflow-suggest","wds","wds/workflows/wds-4-ux-design/workflow-suggest.md","d45e4cb28e0958fd521879f1908b51c7ee8e892813b4a277155d83305b5c048f"
"md","workflow-test","wds","wds/workflows/wds-8-product-evolution/workflow-test.md","cfc0753161ab4d43fe4d09412a8d8cd1d0617e4a52ddd707af46b9c8182619fa"
"md","workflow-ui-elements","wds","wds/workflows/wds-6-asset-generation/workflow-ui-elements.md","4fb3ccaf5f452df930c9d56cd4e6e9de60157e2cf01479f883c8966691e0f89d"
"md","workflow-validate","wds","wds/workflows/wds-1-project-brief/workflow-validate.md","61486c1e6eac9f461e87cdf1813dd468f237e09cde6898513a5a39209ed05987"
"md","workflow-validate","wds","wds/workflows/wds-2-trigger-mapping/workflow-validate.md","e7838be5e33197e56ecc8d586b305352d80492a4b5c483020de826aee58bff1d"
"md","workflow-validate","wds","wds/workflows/wds-3-scenarios/workflow-validate.md","46f5ef1c52b069dc3f8ebecc667fbf9604cd650ccf1f3b93cd574a15014bdcdf"
"md","workflow-validate","wds","wds/workflows/wds-4-ux-design/workflow-validate.md","d0d8b04b3603a14bc03c6052e10fef7a96a97b47d1981084a4be3377e8201093"
"md","workflow-videos","wds","wds/workflows/wds-6-asset-generation/workflow-videos.md","728ea2158f7b5a81eff0f82f0d4e25798a6f378f4bad523924dad82632704349"
"md","workflow-view","wds","wds/workflows/wds-7-design-system/workflow-view.md","ddf8bf8b1035570e116ceeae6a7bbdbc3212832f1649e996c0cfa3a31c389850"
"md","workflow-visual","wds","wds/workflows/wds-4-ux-design/workflow-visual.md","f67bbff872c0df5d0ab11d572114f71ca9a93f931aa65110b939762875db8be8"
"md","workflow-wireframes","wds","wds/workflows/wds-6-asset-generation/workflow-wireframes.md","b53b9011077d80a8850ca39fbf38b2dfdab9b115e18a6af86e154d3f4ef320fa"
"md","working-with-existing-materials","wds","wds/data/agent-guides/saga/working-with-existing-materials.md","a5248cfe2dbcc0ea3da3fb446bae402bebdaf0df0f5215a6a85f3e4f4bb512cf"
"md","workshop-c-placeholder-pages","wds","wds/workflows/wds-4-ux-design/data/page-creation-flows/workshop-c-placeholder-pages.md","199a9f083e3c23bb600397a2635c8b11183cec0ec1d390252b22b11031a00a2b"
"md","workshop-page-creation","wds","wds/workflows/wds-4-ux-design/data/page-creation-flows/workshop-page-creation.md","f307a2e7bfdb656e9fab228fd5dab319d6280e3d99fbef48418b6554b9bbc75d"
"md","workshop-page-process","wds","wds/workflows/wds-4-ux-design/data/page-creation-flows/workshop-page-process.md","4f143ef7771afc1d8e50f9b1b6c8724384beeb6e64338b85fc6f29c03f7be4fa"
"md","wrap","wds","wds/skills/wrap.md","9b59b18047b51a70c354db09783e5d3ecc3c9fc46e5e300576858c232faaf6ff"
"toml","customize","wds","wds/agents/wds-agent-freya-ux/customize.toml","656f2ab113faa2d0870268edcd946d08422d1d43a6bd70222d5e0ba88a7fbc44"
"toml","customize","wds","wds/agents/wds-agent-mimir-builder/customize.toml","9277efb24b077b4987bec0dc1980e502a992e7d17c35fce87662d0173dc2d193"
"toml","customize","wds","wds/agents/wds-agent-saga-analyst/customize.toml","f953b2b399ea8619c406608b827f87670249873809a90789d03fca2101b3b375"
"xml","workflow","wds","wds/workflows/wds-3-scenarios/workflow.xml","200328ec3ceb1d656e99dfd6d27d56f1ef2e5d02c1fbd4b7bc773de0ca3aa940"
"xml","workflow-specify","wds","wds/workflows/wds-4-ux-design/workflow-specify.xml","2d38f1564d751a20906c670e3f878063a1c5a99cd5c23e576aee25396fbac481"
"yaml","config","wds","wds/config.yaml","17a71265e3fd4acb694d68a56c5bfa63308c78dd4419f8dc3c1573ffe13e2c58"
"yaml","design-delivery.template","wds","wds/workflows/wds-4-ux-design/templates/design-delivery.template.yaml","eb62c49805e938df7be4e5cb810d27e31554d8dac438d14c0fcd8c64714b8f40"
"yaml","platform-requirements.template","wds","wds/workflows/wds-0-project-setup/resources/wds-1-project-brief/templates/platform-requirements.template.yaml","0b1b53d7a73857f8065f2e86532864fa989b5ec36686334a39f5543b1cec685d"
"yaml","platform-requirements.template","wds","wds/workflows/wds-1-project-brief/templates/platform-requirements.template.yaml","0b1b53d7a73857f8065f2e86532864fa989b5ec36686334a39f5543b1cec685d"
"yaml","test-scenario.template","wds","wds/workflows/wds-4-ux-design/templates/test-scenario.template.yaml","7f837a4eecb2c330d0b16e9497bf2b61e4b8db4965a917a1d9511ce4e18cd5c3"
"yaml","work-file-template","wds","wds/workflows/wds-5-agentic-development/templates/work-file-template.yaml","87bf9a8c1dca152d320f2b5431234cb4adb7994f07a60728a6aab85b17a3f31b"
